--------------------------------------------------------
--  파일이 생성됨 - 월요일-9월-25-2023   
--------------------------------------------------------
DROP TABLE "BLUEWAVE"."CHAL_BOARD_TBL" cascade constraints;
DROP TABLE "BLUEWAVE"."CHAL_LIKE_TBL" cascade constraints;
DROP TABLE "BLUEWAVE"."CHAL_TBL" cascade constraints;
DROP TABLE "BLUEWAVE"."GOODS_TBL" cascade constraints;
DROP TABLE "BLUEWAVE"."NOTICE_BOARD_TBL" cascade constraints;
DROP TABLE "BLUEWAVE"."POINT_TBL" cascade constraints;
DROP TABLE "BLUEWAVE"."SUB_TBL" cascade constraints;
DROP TABLE "BLUEWAVE"."TIP_BOARD_TBL" cascade constraints;
DROP TABLE "BLUEWAVE"."USER_TBL" cascade constraints;
DROP SEQUENCE "BLUEWAVE"."SEQ_CHAL_NO";
DROP SEQUENCE "BLUEWAVE"."SEQ_C_BOARD_NO";
DROP SEQUENCE "BLUEWAVE"."SEQ_NOTICE_NO";
DROP SEQUENCE "BLUEWAVE"."SEQ_PRODUCT_NO";
DROP SEQUENCE "BLUEWAVE"."SEQ_REPORT_NO";
DROP SEQUENCE "BLUEWAVE"."SEQ_TIP_NO";
--------------------------------------------------------
--  DDL for Table CHAL_BOARD_TBL
--------------------------------------------------------

  CREATE TABLE "BLUEWAVE"."CHAL_BOARD_TBL" 
   (	"C_BOARD_NO" NUMBER, 
	"C_BOARD_TITLE" VARCHAR2(50 BYTE), 
	"C_BOARD_CONTENT" VARCHAR2(500 BYTE), 
	"C_BOARD_FILE_NAME" VARCHAR2(100 BYTE), 
	"C_BOARD_FILE_RENAME" VARCHAR2(200 BYTE), 
	"C_BOARD_FILE_PATH" VARCHAR2(500 BYTE), 
	"C_BOARD_FILE_LENGTH" NUMBER, 
	"C_BOARD_DATE" TIMESTAMP (6) DEFAULT SYSTIMESTAMP, 
	"C_BOARD_UPDATE_DATE" TIMESTAMP (6) DEFAULT SYSTIMESTAMP, 
	"C_BOARD_WRITER" VARCHAR2(20 BYTE), 
	"CHAL_NO" NUMBER
   ) SEGMENT CREATION IMMEDIATE 
  PCTFREE 10 PCTUSED 40 INITRANS 1 MAXTRANS 255 NOCOMPRESS LOGGING
  STORAGE(INITIAL 65536 NEXT 1048576 MINEXTENTS 1 MAXEXTENTS 2147483645
  PCTINCREASE 0 FREELISTS 1 FREELIST GROUPS 1 BUFFER_POOL DEFAULT FLASH_CACHE DEFAULT CELL_FLASH_CACHE DEFAULT)
  TABLESPACE "SYSTEM" ;
--------------------------------------------------------
--  DDL for Table CHAL_LIKE_TBL
--------------------------------------------------------

  CREATE TABLE "BLUEWAVE"."CHAL_LIKE_TBL" 
   (	"USER_ID" VARCHAR2(20 BYTE), 
	"C_BOARD_NO" NUMBER
   ) SEGMENT CREATION IMMEDIATE 
  PCTFREE 10 PCTUSED 40 INITRANS 1 MAXTRANS 255 NOCOMPRESS LOGGING
  STORAGE(INITIAL 65536 NEXT 1048576 MINEXTENTS 1 MAXEXTENTS 2147483645
  PCTINCREASE 0 FREELISTS 1 FREELIST GROUPS 1 BUFFER_POOL DEFAULT FLASH_CACHE DEFAULT CELL_FLASH_CACHE DEFAULT)
  TABLESPACE "SYSTEM" ;
--------------------------------------------------------
--  DDL for Table CHAL_TBL
--------------------------------------------------------

  CREATE TABLE "BLUEWAVE"."CHAL_TBL" 
   (	"CHAL_NO" NUMBER, 
	"CHAL_TITLE" VARCHAR2(100 BYTE), 
	"CHAL_CONTENT" VARCHAR2(500 BYTE), 
	"CHAL_FILE_NAME" VARCHAR2(100 BYTE), 
	"CHAL_FILE_RENAME" VARCHAR2(200 BYTE), 
	"CHAL_FILE_PATH" VARCHAR2(500 BYTE), 
	"CHAL_FILE_LENGTH" NUMBER, 
	"CHAL_START_DATE" DATE, 
	"CHAL_END_DATE" DATE, 
	"CHAL_PUBLIC" CHAR(1 BYTE) DEFAULT 'Y', 
	"CHAL_FINISH" CHAR(1 BYTE) DEFAULT 'N', 
	"CHAL_CREATE_DATE" TIMESTAMP (6) DEFAULT SYSTIMESTAMP, 
	"CHAL_UPDATE_DATE" TIMESTAMP (6) DEFAULT SYSTIMESTAMP, 
	"CHAL_USER_ID" VARCHAR2(20 BYTE)
   ) SEGMENT CREATION IMMEDIATE 
  PCTFREE 10 PCTUSED 40 INITRANS 1 MAXTRANS 255 NOCOMPRESS LOGGING
  STORAGE(INITIAL 65536 NEXT 1048576 MINEXTENTS 1 MAXEXTENTS 2147483645
  PCTINCREASE 0 FREELISTS 1 FREELIST GROUPS 1 BUFFER_POOL DEFAULT FLASH_CACHE DEFAULT CELL_FLASH_CACHE DEFAULT)
  TABLESPACE "SYSTEM" ;
--------------------------------------------------------
--  DDL for Table GOODS_TBL
--------------------------------------------------------

  CREATE TABLE "BLUEWAVE"."GOODS_TBL" 
   (	"PRODUCT_NO" NUMBER, 
	"PRODUCT_NAME" VARCHAR2(50 BYTE), 
	"PRODUCT_POINT" NUMBER, 
	"PRODUCT_CONTENT" VARCHAR2(500 BYTE), 
	"PRODUCT_THUMBNAIL" VARCHAR2(100 BYTE), 
	"PRODUCT_THUMBNAIL_RENAME" VARCHAR2(200 BYTE), 
	"PRODUCT_THUMBNAIL_PATH" VARCHAR2(300 BYTE), 
	"PRODUCT_THUMBNAIL_LENGTH" NUMBER, 
	"PRODUCT_IMAGE" VARCHAR2(100 BYTE), 
	"PRODUCT_IMAGE_RENAME" VARCHAR2(200 BYTE), 
	"PRODUCT_IMAGE_PATH" VARCHAR2(300 BYTE), 
	"PRODUCT_IMAGE_LENGTH" NUMBER, 
	"PRODUCT_COUNT" NUMBER
   ) SEGMENT CREATION IMMEDIATE 
  PCTFREE 10 PCTUSED 40 INITRANS 1 MAXTRANS 255 NOCOMPRESS LOGGING
  STORAGE(INITIAL 65536 NEXT 1048576 MINEXTENTS 1 MAXEXTENTS 2147483645
  PCTINCREASE 0 FREELISTS 1 FREELIST GROUPS 1 BUFFER_POOL DEFAULT FLASH_CACHE DEFAULT CELL_FLASH_CACHE DEFAULT)
  TABLESPACE "SYSTEM" ;
--------------------------------------------------------
--  DDL for Table NOTICE_BOARD_TBL
--------------------------------------------------------

  CREATE TABLE "BLUEWAVE"."NOTICE_BOARD_TBL" 
   (	"NOTICE_NO" NUMBER, 
	"NOTICE_TITLE" VARCHAR2(100 BYTE), 
	"NOTICE_CONTENT" CLOB, 
	"NOTICE_WRITER" VARCHAR2(100 BYTE), 
	"NOTICE_VIEW_COUNT" NUMBER DEFAULT 0, 
	"NOTICE_CREATE_DATE" TIMESTAMP (6) DEFAULT SYSTIMESTAMP, 
	"NOTICE_UPDATE_DATE" TIMESTAMP (6) DEFAULT SYSTIMESTAMP
   ) SEGMENT CREATION IMMEDIATE 
  PCTFREE 10 PCTUSED 40 INITRANS 1 MAXTRANS 255 NOCOMPRESS LOGGING
  STORAGE(INITIAL 65536 NEXT 1048576 MINEXTENTS 1 MAXEXTENTS 2147483645
  PCTINCREASE 0 FREELISTS 1 FREELIST GROUPS 1 BUFFER_POOL DEFAULT FLASH_CACHE DEFAULT CELL_FLASH_CACHE DEFAULT)
  TABLESPACE "SYSTEM" 
 LOB ("NOTICE_CONTENT") STORE AS BASICFILE (
  TABLESPACE "SYSTEM" ENABLE STORAGE IN ROW CHUNK 8192 RETENTION 
  NOCACHE LOGGING 
  STORAGE(INITIAL 65536 NEXT 1048576 MINEXTENTS 1 MAXEXTENTS 2147483645
  PCTINCREASE 0 FREELISTS 1 FREELIST GROUPS 1 BUFFER_POOL DEFAULT FLASH_CACHE DEFAULT CELL_FLASH_CACHE DEFAULT)) ;
--------------------------------------------------------
--  DDL for Table POINT_TBL
--------------------------------------------------------

  CREATE TABLE "BLUEWAVE"."POINT_TBL" 
   (	"USER_ID" VARCHAR2(20 BYTE), 
	"USER_TOTAL_POINT" NUMBER DEFAULT 1000, 
	"POINT_HISTORY" NUMBER DEFAULT +1000, 
	"TRADE_TYPE" VARCHAR2(6 BYTE) DEFAULT 'insert', 
	"POINT_HISTORY_DATE" DATE DEFAULT SYSDATE, 
	"PRODUCT_NO" NUMBER DEFAULT 0, 
	"C_BOARD_NO" NUMBER DEFAULT 0
   ) SEGMENT CREATION IMMEDIATE 
  PCTFREE 10 PCTUSED 40 INITRANS 1 MAXTRANS 255 NOCOMPRESS LOGGING
  STORAGE(INITIAL 65536 NEXT 1048576 MINEXTENTS 1 MAXEXTENTS 2147483645
  PCTINCREASE 0 FREELISTS 1 FREELIST GROUPS 1 BUFFER_POOL DEFAULT FLASH_CACHE DEFAULT CELL_FLASH_CACHE DEFAULT)
  TABLESPACE "SYSTEM" ;
--------------------------------------------------------
--  DDL for Table SUB_TBL
--------------------------------------------------------

  CREATE TABLE "BLUEWAVE"."SUB_TBL" 
   (	"SUB_TARGET" VARCHAR2(20 BYTE), 
	"SUB_USER" VARCHAR2(20 BYTE), 
	"SUB_DATE" DATE DEFAULT SYSDATE
   ) SEGMENT CREATION IMMEDIATE 
  PCTFREE 10 PCTUSED 40 INITRANS 1 MAXTRANS 255 NOCOMPRESS LOGGING
  STORAGE(INITIAL 65536 NEXT 1048576 MINEXTENTS 1 MAXEXTENTS 2147483645
  PCTINCREASE 0 FREELISTS 1 FREELIST GROUPS 1 BUFFER_POOL DEFAULT FLASH_CACHE DEFAULT CELL_FLASH_CACHE DEFAULT)
  TABLESPACE "SYSTEM" ;
--------------------------------------------------------
--  DDL for Table TIP_BOARD_TBL
--------------------------------------------------------

  CREATE TABLE "BLUEWAVE"."TIP_BOARD_TBL" 
   (	"TIP_NO" NUMBER, 
	"TIP_TITLE" VARCHAR2(100 BYTE), 
	"TIP_CONTENT" CLOB, 
	"TIP_WRITER" VARCHAR2(100 BYTE), 
	"TIP_VIEW_COUNT" NUMBER DEFAULT 0, 
	"TIP_CREATE_DATE" TIMESTAMP (6) DEFAULT SYSTIMESTAMP, 
	"TIP_UPDATE_DATE" TIMESTAMP (6) DEFAULT SYSTIMESTAMP
   ) SEGMENT CREATION IMMEDIATE 
  PCTFREE 10 PCTUSED 40 INITRANS 1 MAXTRANS 255 NOCOMPRESS LOGGING
  STORAGE(INITIAL 65536 NEXT 1048576 MINEXTENTS 1 MAXEXTENTS 2147483645
  PCTINCREASE 0 FREELISTS 1 FREELIST GROUPS 1 BUFFER_POOL DEFAULT FLASH_CACHE DEFAULT CELL_FLASH_CACHE DEFAULT)
  TABLESPACE "SYSTEM" 
 LOB ("TIP_CONTENT") STORE AS BASICFILE (
  TABLESPACE "SYSTEM" ENABLE STORAGE IN ROW CHUNK 8192 RETENTION 
  NOCACHE LOGGING 
  STORAGE(INITIAL 65536 NEXT 1048576 MINEXTENTS 1 MAXEXTENTS 2147483645
  PCTINCREASE 0 FREELISTS 1 FREELIST GROUPS 1 BUFFER_POOL DEFAULT FLASH_CACHE DEFAULT CELL_FLASH_CACHE DEFAULT)) ;
--------------------------------------------------------
--  DDL for Table USER_TBL
--------------------------------------------------------

  CREATE TABLE "BLUEWAVE"."USER_TBL" 
   (	"USER_ID" VARCHAR2(20 BYTE), 
	"USER_PW" VARCHAR2(30 BYTE), 
	"USER_NICKNAME" VARCHAR2(50 BYTE), 
	"USER_NAME" VARCHAR2(30 BYTE), 
	"USER_PHONE" VARCHAR2(14 BYTE), 
	"USER_ADDR" VARCHAR2(450 BYTE), 
	"USER_EMAIL" VARCHAR2(50 BYTE), 
	"USER_PROFILE_NAME" VARCHAR2(50 BYTE), 
	"USER_PROFILE_RENAME" VARCHAR2(50 BYTE), 
	"USER_PROFILE_PATH" VARCHAR2(500 BYTE), 
	"USER_PROFILE_LENGTH" NUMBER, 
	"USER_AD" CHAR(1 BYTE) DEFAULT 'N', 
	"USER_DATE" DATE DEFAULT SYSDATE
   ) SEGMENT CREATION IMMEDIATE 
  PCTFREE 10 PCTUSED 40 INITRANS 1 MAXTRANS 255 NOCOMPRESS LOGGING
  STORAGE(INITIAL 65536 NEXT 1048576 MINEXTENTS 1 MAXEXTENTS 2147483645
  PCTINCREASE 0 FREELISTS 1 FREELIST GROUPS 1 BUFFER_POOL DEFAULT FLASH_CACHE DEFAULT CELL_FLASH_CACHE DEFAULT)
  TABLESPACE "SYSTEM" ;
--------------------------------------------------------
--  DDL for Sequence SEQ_CHAL_NO
--------------------------------------------------------

   CREATE SEQUENCE  "BLUEWAVE"."SEQ_CHAL_NO"  MINVALUE 1 MAXVALUE 9999999999999999999999999999 INCREMENT BY 1 START WITH 281 CACHE 20 NOORDER  NOCYCLE ;
--------------------------------------------------------
--  DDL for Sequence SEQ_C_BOARD_NO
--------------------------------------------------------

   CREATE SEQUENCE  "BLUEWAVE"."SEQ_C_BOARD_NO"  MINVALUE 1 MAXVALUE 9999999999999999999999999999 INCREMENT BY 1 START WITH 261 CACHE 20 NOORDER  NOCYCLE ;
--------------------------------------------------------
--  DDL for Sequence SEQ_NOTICE_NO
--------------------------------------------------------

   CREATE SEQUENCE  "BLUEWAVE"."SEQ_NOTICE_NO"  MINVALUE 1 MAXVALUE 9999999999999999999999999999 INCREMENT BY 1 START WITH 141 CACHE 20 NOORDER  NOCYCLE ;
--------------------------------------------------------
--  DDL for Sequence SEQ_PRODUCT_NO
--------------------------------------------------------

   CREATE SEQUENCE  "BLUEWAVE"."SEQ_PRODUCT_NO"  MINVALUE 1 MAXVALUE 9999999999999999999999999999 INCREMENT BY 1 START WITH 161 CACHE 20 NOORDER  NOCYCLE ;
--------------------------------------------------------
--  DDL for Sequence SEQ_REPORT_NO
--------------------------------------------------------

   CREATE SEQUENCE  "BLUEWAVE"."SEQ_REPORT_NO"  MINVALUE 1 MAXVALUE 9999999999999999999999999999 INCREMENT BY 1 START WITH 1 CACHE 20 NOORDER  NOCYCLE ;
--------------------------------------------------------
--  DDL for Sequence SEQ_TIP_NO
--------------------------------------------------------

   CREATE SEQUENCE  "BLUEWAVE"."SEQ_TIP_NO"  MINVALUE 1 MAXVALUE 9999999999999999999 INCREMENT BY 1 START WITH 61 CACHE 20 NOORDER  NOCYCLE ;
REM INSERTING into BLUEWAVE.CHAL_BOARD_TBL
SET DEFINE OFF;
Insert into BLUEWAVE.CHAL_BOARD_TBL (C_BOARD_NO,C_BOARD_TITLE,C_BOARD_CONTENT,C_BOARD_FILE_NAME,C_BOARD_FILE_RENAME,C_BOARD_FILE_PATH,C_BOARD_FILE_LENGTH,C_BOARD_DATE,C_BOARD_UPDATE_DATE,C_BOARD_WRITER,CHAL_NO) values (102,'1번째 챌린지 게시물','1번째 챌린지 게시물입니다.','admin-img.png','admin-img.png','../resources/cuploadFiles/admin-img.png',0,to_timestamp('23/09/22 17:07:44.999000000','RR/MM/DD HH24:MI:SSXFF'),to_timestamp('23/09/22 17:07:44.999000000','RR/MM/DD HH24:MI:SSXFF'),'pandapanda',223);
Insert into BLUEWAVE.CHAL_BOARD_TBL (C_BOARD_NO,C_BOARD_TITLE,C_BOARD_CONTENT,C_BOARD_FILE_NAME,C_BOARD_FILE_RENAME,C_BOARD_FILE_PATH,C_BOARD_FILE_LENGTH,C_BOARD_DATE,C_BOARD_UPDATE_DATE,C_BOARD_WRITER,CHAL_NO) values (103,'2번째 챌린지 게시물','2번째 챌린지 게시물입니다.','admin-img.png','admin-img.png','../resources/cuploadFiles/admin-img.png',0,to_timestamp('23/09/22 17:07:44.999000000','RR/MM/DD HH24:MI:SSXFF'),to_timestamp('23/09/22 17:07:44.999000000','RR/MM/DD HH24:MI:SSXFF'),'pandapanda',223);
Insert into BLUEWAVE.CHAL_BOARD_TBL (C_BOARD_NO,C_BOARD_TITLE,C_BOARD_CONTENT,C_BOARD_FILE_NAME,C_BOARD_FILE_RENAME,C_BOARD_FILE_PATH,C_BOARD_FILE_LENGTH,C_BOARD_DATE,C_BOARD_UPDATE_DATE,C_BOARD_WRITER,CHAL_NO) values (104,'3번째 챌린지 게시물','3번째 챌린지 게시물입니다.','admin-img.png','admin-img.png','../resources/cuploadFiles/admin-img.png',0,to_timestamp('23/09/22 17:07:44.999000000','RR/MM/DD HH24:MI:SSXFF'),to_timestamp('23/09/22 17:07:44.999000000','RR/MM/DD HH24:MI:SSXFF'),'pandapanda',223);
Insert into BLUEWAVE.CHAL_BOARD_TBL (C_BOARD_NO,C_BOARD_TITLE,C_BOARD_CONTENT,C_BOARD_FILE_NAME,C_BOARD_FILE_RENAME,C_BOARD_FILE_PATH,C_BOARD_FILE_LENGTH,C_BOARD_DATE,C_BOARD_UPDATE_DATE,C_BOARD_WRITER,CHAL_NO) values (105,'4번째 챌린지 게시물','4번째 챌린지 게시물입니다.','admin-img.png','admin-img.png','../resources/cuploadFiles/admin-img.png',0,to_timestamp('23/09/22 17:07:44.999000000','RR/MM/DD HH24:MI:SSXFF'),to_timestamp('23/09/22 17:07:44.999000000','RR/MM/DD HH24:MI:SSXFF'),'pandapanda',223);
Insert into BLUEWAVE.CHAL_BOARD_TBL (C_BOARD_NO,C_BOARD_TITLE,C_BOARD_CONTENT,C_BOARD_FILE_NAME,C_BOARD_FILE_RENAME,C_BOARD_FILE_PATH,C_BOARD_FILE_LENGTH,C_BOARD_DATE,C_BOARD_UPDATE_DATE,C_BOARD_WRITER,CHAL_NO) values (106,'5번째 챌린지 게시물','5번째 챌린지 게시물입니다.','admin-img.png','admin-img.png','../resources/cuploadFiles/admin-img.png',0,to_timestamp('23/09/22 17:07:44.999000000','RR/MM/DD HH24:MI:SSXFF'),to_timestamp('23/09/22 17:07:44.999000000','RR/MM/DD HH24:MI:SSXFF'),'pandapanda',223);
Insert into BLUEWAVE.CHAL_BOARD_TBL (C_BOARD_NO,C_BOARD_TITLE,C_BOARD_CONTENT,C_BOARD_FILE_NAME,C_BOARD_FILE_RENAME,C_BOARD_FILE_PATH,C_BOARD_FILE_LENGTH,C_BOARD_DATE,C_BOARD_UPDATE_DATE,C_BOARD_WRITER,CHAL_NO) values (107,'6번째 챌린지 게시물','6번째 챌린지 게시물입니다.','admin-img.png','admin-img.png','../resources/cuploadFiles/admin-img.png',0,to_timestamp('23/09/22 17:07:44.999000000','RR/MM/DD HH24:MI:SSXFF'),to_timestamp('23/09/22 17:07:44.999000000','RR/MM/DD HH24:MI:SSXFF'),'pandapanda',223);
Insert into BLUEWAVE.CHAL_BOARD_TBL (C_BOARD_NO,C_BOARD_TITLE,C_BOARD_CONTENT,C_BOARD_FILE_NAME,C_BOARD_FILE_RENAME,C_BOARD_FILE_PATH,C_BOARD_FILE_LENGTH,C_BOARD_DATE,C_BOARD_UPDATE_DATE,C_BOARD_WRITER,CHAL_NO) values (108,'7번째 챌린지 게시물','7번째 챌린지 게시물입니다.','admin-img.png','admin-img.png','../resources/cuploadFiles/admin-img.png',0,to_timestamp('23/09/22 17:07:44.999000000','RR/MM/DD HH24:MI:SSXFF'),to_timestamp('23/09/22 17:07:44.999000000','RR/MM/DD HH24:MI:SSXFF'),'pandapanda',223);
Insert into BLUEWAVE.CHAL_BOARD_TBL (C_BOARD_NO,C_BOARD_TITLE,C_BOARD_CONTENT,C_BOARD_FILE_NAME,C_BOARD_FILE_RENAME,C_BOARD_FILE_PATH,C_BOARD_FILE_LENGTH,C_BOARD_DATE,C_BOARD_UPDATE_DATE,C_BOARD_WRITER,CHAL_NO) values (109,'8번째 챌린지 게시물','8번째 챌린지 게시물입니다.','admin-img.png','admin-img.png','../resources/cuploadFiles/admin-img.png',0,to_timestamp('23/09/22 17:07:44.999000000','RR/MM/DD HH24:MI:SSXFF'),to_timestamp('23/09/22 17:07:44.999000000','RR/MM/DD HH24:MI:SSXFF'),'pandapanda',223);
Insert into BLUEWAVE.CHAL_BOARD_TBL (C_BOARD_NO,C_BOARD_TITLE,C_BOARD_CONTENT,C_BOARD_FILE_NAME,C_BOARD_FILE_RENAME,C_BOARD_FILE_PATH,C_BOARD_FILE_LENGTH,C_BOARD_DATE,C_BOARD_UPDATE_DATE,C_BOARD_WRITER,CHAL_NO) values (110,'9번째 챌린지 게시물','9번째 챌린지 게시물입니다.','admin-img.png','admin-img.png','../resources/cuploadFiles/admin-img.png',0,to_timestamp('23/09/22 17:07:44.999000000','RR/MM/DD HH24:MI:SSXFF'),to_timestamp('23/09/22 17:07:44.999000000','RR/MM/DD HH24:MI:SSXFF'),'pandapanda',223);
Insert into BLUEWAVE.CHAL_BOARD_TBL (C_BOARD_NO,C_BOARD_TITLE,C_BOARD_CONTENT,C_BOARD_FILE_NAME,C_BOARD_FILE_RENAME,C_BOARD_FILE_PATH,C_BOARD_FILE_LENGTH,C_BOARD_DATE,C_BOARD_UPDATE_DATE,C_BOARD_WRITER,CHAL_NO) values (111,'10번째 챌린지 게시물','10번째 챌린지 게시물입니다.','admin-img.png','admin-img.png','../resources/cuploadFiles/admin-img.png',0,to_timestamp('23/09/22 17:07:44.999000000','RR/MM/DD HH24:MI:SSXFF'),to_timestamp('23/09/22 17:07:44.999000000','RR/MM/DD HH24:MI:SSXFF'),'pandapanda',223);
Insert into BLUEWAVE.CHAL_BOARD_TBL (C_BOARD_NO,C_BOARD_TITLE,C_BOARD_CONTENT,C_BOARD_FILE_NAME,C_BOARD_FILE_RENAME,C_BOARD_FILE_PATH,C_BOARD_FILE_LENGTH,C_BOARD_DATE,C_BOARD_UPDATE_DATE,C_BOARD_WRITER,CHAL_NO) values (112,'1번째 챌린지 게시물','1번째 챌린지 게시물입니다.','admin-img.png','admin-img.png','../resources/cuploadFiles/admin-img.png',0,to_timestamp('23/09/22 17:08:37.119000000','RR/MM/DD HH24:MI:SSXFF'),to_timestamp('23/09/22 17:08:37.119000000','RR/MM/DD HH24:MI:SSXFF'),'pandapanda',222);
Insert into BLUEWAVE.CHAL_BOARD_TBL (C_BOARD_NO,C_BOARD_TITLE,C_BOARD_CONTENT,C_BOARD_FILE_NAME,C_BOARD_FILE_RENAME,C_BOARD_FILE_PATH,C_BOARD_FILE_LENGTH,C_BOARD_DATE,C_BOARD_UPDATE_DATE,C_BOARD_WRITER,CHAL_NO) values (113,'2번째 챌린지 게시물','2번째 챌린지 게시물입니다.','admin-img.png','admin-img.png','../resources/cuploadFiles/admin-img.png',0,to_timestamp('23/09/22 17:08:37.119000000','RR/MM/DD HH24:MI:SSXFF'),to_timestamp('23/09/22 17:08:37.119000000','RR/MM/DD HH24:MI:SSXFF'),'pandapanda',222);
Insert into BLUEWAVE.CHAL_BOARD_TBL (C_BOARD_NO,C_BOARD_TITLE,C_BOARD_CONTENT,C_BOARD_FILE_NAME,C_BOARD_FILE_RENAME,C_BOARD_FILE_PATH,C_BOARD_FILE_LENGTH,C_BOARD_DATE,C_BOARD_UPDATE_DATE,C_BOARD_WRITER,CHAL_NO) values (114,'1번째 챌린지 게시물','1번째 챌린지 게시물입니다.','admin-img.png','admin-img.png','../resources/cuploadFiles/admin-img.png',0,to_timestamp('23/09/22 17:08:59.210000000','RR/MM/DD HH24:MI:SSXFF'),to_timestamp('23/09/22 17:08:59.210000000','RR/MM/DD HH24:MI:SSXFF'),'pandapanda',224);
Insert into BLUEWAVE.CHAL_BOARD_TBL (C_BOARD_NO,C_BOARD_TITLE,C_BOARD_CONTENT,C_BOARD_FILE_NAME,C_BOARD_FILE_RENAME,C_BOARD_FILE_PATH,C_BOARD_FILE_LENGTH,C_BOARD_DATE,C_BOARD_UPDATE_DATE,C_BOARD_WRITER,CHAL_NO) values (115,'2번째 챌린지 게시물','2번째 챌린지 게시물입니다.','admin-img.png','admin-img.png','../resources/cuploadFiles/admin-img.png',0,to_timestamp('23/09/22 17:08:59.210000000','RR/MM/DD HH24:MI:SSXFF'),to_timestamp('23/09/22 17:08:59.210000000','RR/MM/DD HH24:MI:SSXFF'),'pandapanda',224);
Insert into BLUEWAVE.CHAL_BOARD_TBL (C_BOARD_NO,C_BOARD_TITLE,C_BOARD_CONTENT,C_BOARD_FILE_NAME,C_BOARD_FILE_RENAME,C_BOARD_FILE_PATH,C_BOARD_FILE_LENGTH,C_BOARD_DATE,C_BOARD_UPDATE_DATE,C_BOARD_WRITER,CHAL_NO) values (116,'3번째 챌린지 게시물','3번째 챌린지 게시물입니다.','admin-img.png','admin-img.png','../resources/cuploadFiles/admin-img.png',0,to_timestamp('23/09/22 17:08:59.210000000','RR/MM/DD HH24:MI:SSXFF'),to_timestamp('23/09/22 17:08:59.210000000','RR/MM/DD HH24:MI:SSXFF'),'pandapanda',224);
Insert into BLUEWAVE.CHAL_BOARD_TBL (C_BOARD_NO,C_BOARD_TITLE,C_BOARD_CONTENT,C_BOARD_FILE_NAME,C_BOARD_FILE_RENAME,C_BOARD_FILE_PATH,C_BOARD_FILE_LENGTH,C_BOARD_DATE,C_BOARD_UPDATE_DATE,C_BOARD_WRITER,CHAL_NO) values (117,'4번째 챌린지 게시물','4번째 챌린지 게시물입니다.','admin-img.png','admin-img.png','../resources/cuploadFiles/admin-img.png',0,to_timestamp('23/09/22 17:08:59.210000000','RR/MM/DD HH24:MI:SSXFF'),to_timestamp('23/09/22 17:08:59.210000000','RR/MM/DD HH24:MI:SSXFF'),'pandapanda',224);
Insert into BLUEWAVE.CHAL_BOARD_TBL (C_BOARD_NO,C_BOARD_TITLE,C_BOARD_CONTENT,C_BOARD_FILE_NAME,C_BOARD_FILE_RENAME,C_BOARD_FILE_PATH,C_BOARD_FILE_LENGTH,C_BOARD_DATE,C_BOARD_UPDATE_DATE,C_BOARD_WRITER,CHAL_NO) values (118,'5번째 챌린지 게시물','5번째 챌린지 게시물입니다.','admin-img.png','admin-img.png','../resources/cuploadFiles/admin-img.png',0,to_timestamp('23/09/22 17:08:59.210000000','RR/MM/DD HH24:MI:SSXFF'),to_timestamp('23/09/22 17:08:59.210000000','RR/MM/DD HH24:MI:SSXFF'),'pandapanda',224);
Insert into BLUEWAVE.CHAL_BOARD_TBL (C_BOARD_NO,C_BOARD_TITLE,C_BOARD_CONTENT,C_BOARD_FILE_NAME,C_BOARD_FILE_RENAME,C_BOARD_FILE_PATH,C_BOARD_FILE_LENGTH,C_BOARD_DATE,C_BOARD_UPDATE_DATE,C_BOARD_WRITER,CHAL_NO) values (119,'6번째 챌린지 게시물','6번째 챌린지 게시물입니다.','admin-img.png','admin-img.png','../resources/cuploadFiles/admin-img.png',0,to_timestamp('23/09/22 17:08:59.210000000','RR/MM/DD HH24:MI:SSXFF'),to_timestamp('23/09/22 17:08:59.210000000','RR/MM/DD HH24:MI:SSXFF'),'pandapanda',224);
Insert into BLUEWAVE.CHAL_BOARD_TBL (C_BOARD_NO,C_BOARD_TITLE,C_BOARD_CONTENT,C_BOARD_FILE_NAME,C_BOARD_FILE_RENAME,C_BOARD_FILE_PATH,C_BOARD_FILE_LENGTH,C_BOARD_DATE,C_BOARD_UPDATE_DATE,C_BOARD_WRITER,CHAL_NO) values (120,'1번째 챌린지 게시물','1번째 챌린지 게시물입니다.','admin-img.png','admin-img.png','../resources/cuploadFiles/admin-img.png',0,to_timestamp('23/09/22 17:09:26.707000000','RR/MM/DD HH24:MI:SSXFF'),to_timestamp('23/09/22 17:09:26.707000000','RR/MM/DD HH24:MI:SSXFF'),'pandapanda',233);
Insert into BLUEWAVE.CHAL_BOARD_TBL (C_BOARD_NO,C_BOARD_TITLE,C_BOARD_CONTENT,C_BOARD_FILE_NAME,C_BOARD_FILE_RENAME,C_BOARD_FILE_PATH,C_BOARD_FILE_LENGTH,C_BOARD_DATE,C_BOARD_UPDATE_DATE,C_BOARD_WRITER,CHAL_NO) values (121,'2번째 챌린지 게시물','2번째 챌린지 게시물입니다.','admin-img.png','admin-img.png','../resources/cuploadFiles/admin-img.png',0,to_timestamp('23/09/22 17:09:26.707000000','RR/MM/DD HH24:MI:SSXFF'),to_timestamp('23/09/22 17:09:26.707000000','RR/MM/DD HH24:MI:SSXFF'),'pandapanda',233);
Insert into BLUEWAVE.CHAL_BOARD_TBL (C_BOARD_NO,C_BOARD_TITLE,C_BOARD_CONTENT,C_BOARD_FILE_NAME,C_BOARD_FILE_RENAME,C_BOARD_FILE_PATH,C_BOARD_FILE_LENGTH,C_BOARD_DATE,C_BOARD_UPDATE_DATE,C_BOARD_WRITER,CHAL_NO) values (122,'3번째 챌린지 게시물','3번째 챌린지 게시물입니다.','admin-img.png','admin-img.png','../resources/cuploadFiles/admin-img.png',0,to_timestamp('23/09/22 17:09:26.707000000','RR/MM/DD HH24:MI:SSXFF'),to_timestamp('23/09/22 17:09:26.707000000','RR/MM/DD HH24:MI:SSXFF'),'pandapanda',233);
Insert into BLUEWAVE.CHAL_BOARD_TBL (C_BOARD_NO,C_BOARD_TITLE,C_BOARD_CONTENT,C_BOARD_FILE_NAME,C_BOARD_FILE_RENAME,C_BOARD_FILE_PATH,C_BOARD_FILE_LENGTH,C_BOARD_DATE,C_BOARD_UPDATE_DATE,C_BOARD_WRITER,CHAL_NO) values (123,'4번째 챌린지 게시물','4번째 챌린지 게시물입니다.','admin-img.png','admin-img.png','../resources/cuploadFiles/admin-img.png',0,to_timestamp('23/09/22 17:09:26.707000000','RR/MM/DD HH24:MI:SSXFF'),to_timestamp('23/09/22 17:09:26.707000000','RR/MM/DD HH24:MI:SSXFF'),'pandapanda',233);
Insert into BLUEWAVE.CHAL_BOARD_TBL (C_BOARD_NO,C_BOARD_TITLE,C_BOARD_CONTENT,C_BOARD_FILE_NAME,C_BOARD_FILE_RENAME,C_BOARD_FILE_PATH,C_BOARD_FILE_LENGTH,C_BOARD_DATE,C_BOARD_UPDATE_DATE,C_BOARD_WRITER,CHAL_NO) values (101,'1일차 텀블러 사용 성공','오늘 카페에 텀블러를 가져갔습니다~~ 환경을 위한 한걸음!','tumbler.jpg','20230922153506.jpg','../resources/cuploadFiles/20230922153506.jpg',57937,to_timestamp('23/09/22 15:35:04.934000000','RR/MM/DD HH24:MI:SSXFF'),to_timestamp('23/09/22 15:35:04.934000000','RR/MM/DD HH24:MI:SSXFF'),'pandapanda',211);
Insert into BLUEWAVE.CHAL_BOARD_TBL (C_BOARD_NO,C_BOARD_TITLE,C_BOARD_CONTENT,C_BOARD_FILE_NAME,C_BOARD_FILE_RENAME,C_BOARD_FILE_PATH,C_BOARD_FILE_LENGTH,C_BOARD_DATE,C_BOARD_UPDATE_DATE,C_BOARD_WRITER,CHAL_NO) values (124,'5번째 챌린지 게시물','5번째 챌린지 게시물입니다.','admin-img.png','admin-img.png','../resources/cuploadFiles/admin-img.png',0,to_timestamp('23/09/22 17:09:26.707000000','RR/MM/DD HH24:MI:SSXFF'),to_timestamp('23/09/22 17:09:26.707000000','RR/MM/DD HH24:MI:SSXFF'),'pandapanda',233);
Insert into BLUEWAVE.CHAL_BOARD_TBL (C_BOARD_NO,C_BOARD_TITLE,C_BOARD_CONTENT,C_BOARD_FILE_NAME,C_BOARD_FILE_RENAME,C_BOARD_FILE_PATH,C_BOARD_FILE_LENGTH,C_BOARD_DATE,C_BOARD_UPDATE_DATE,C_BOARD_WRITER,CHAL_NO) values (125,'6번째 챌린지 게시물','6번째 챌린지 게시물입니다.','admin-img.png','admin-img.png','../resources/cuploadFiles/admin-img.png',0,to_timestamp('23/09/22 17:09:26.707000000','RR/MM/DD HH24:MI:SSXFF'),to_timestamp('23/09/22 17:09:26.707000000','RR/MM/DD HH24:MI:SSXFF'),'pandapanda',233);
Insert into BLUEWAVE.CHAL_BOARD_TBL (C_BOARD_NO,C_BOARD_TITLE,C_BOARD_CONTENT,C_BOARD_FILE_NAME,C_BOARD_FILE_RENAME,C_BOARD_FILE_PATH,C_BOARD_FILE_LENGTH,C_BOARD_DATE,C_BOARD_UPDATE_DATE,C_BOARD_WRITER,CHAL_NO) values (126,'7번째 챌린지 게시물','7번째 챌린지 게시물입니다.','admin-img.png','admin-img.png','../resources/cuploadFiles/admin-img.png',0,to_timestamp('23/09/22 17:09:26.707000000','RR/MM/DD HH24:MI:SSXFF'),to_timestamp('23/09/22 17:09:26.707000000','RR/MM/DD HH24:MI:SSXFF'),'pandapanda',233);
Insert into BLUEWAVE.CHAL_BOARD_TBL (C_BOARD_NO,C_BOARD_TITLE,C_BOARD_CONTENT,C_BOARD_FILE_NAME,C_BOARD_FILE_RENAME,C_BOARD_FILE_PATH,C_BOARD_FILE_LENGTH,C_BOARD_DATE,C_BOARD_UPDATE_DATE,C_BOARD_WRITER,CHAL_NO) values (127,'8번째 챌린지 게시물','8번째 챌린지 게시물입니다.','admin-img.png','admin-img.png','../resources/cuploadFiles/admin-img.png',0,to_timestamp('23/09/22 17:09:26.707000000','RR/MM/DD HH24:MI:SSXFF'),to_timestamp('23/09/22 17:09:26.707000000','RR/MM/DD HH24:MI:SSXFF'),'pandapanda',233);
Insert into BLUEWAVE.CHAL_BOARD_TBL (C_BOARD_NO,C_BOARD_TITLE,C_BOARD_CONTENT,C_BOARD_FILE_NAME,C_BOARD_FILE_RENAME,C_BOARD_FILE_PATH,C_BOARD_FILE_LENGTH,C_BOARD_DATE,C_BOARD_UPDATE_DATE,C_BOARD_WRITER,CHAL_NO) values (128,'9번째 챌린지 게시물','9번째 챌린지 게시물입니다.','admin-img.png','admin-img.png','../resources/cuploadFiles/admin-img.png',0,to_timestamp('23/09/22 17:09:26.707000000','RR/MM/DD HH24:MI:SSXFF'),to_timestamp('23/09/22 17:09:26.707000000','RR/MM/DD HH24:MI:SSXFF'),'pandapanda',233);
Insert into BLUEWAVE.CHAL_BOARD_TBL (C_BOARD_NO,C_BOARD_TITLE,C_BOARD_CONTENT,C_BOARD_FILE_NAME,C_BOARD_FILE_RENAME,C_BOARD_FILE_PATH,C_BOARD_FILE_LENGTH,C_BOARD_DATE,C_BOARD_UPDATE_DATE,C_BOARD_WRITER,CHAL_NO) values (129,'10번째 챌린지 게시물','10번째 챌린지 게시물입니다.','admin-img.png','admin-img.png','../resources/cuploadFiles/admin-img.png',0,to_timestamp('23/09/22 17:09:26.707000000','RR/MM/DD HH24:MI:SSXFF'),to_timestamp('23/09/22 17:09:26.707000000','RR/MM/DD HH24:MI:SSXFF'),'pandapanda',233);
Insert into BLUEWAVE.CHAL_BOARD_TBL (C_BOARD_NO,C_BOARD_TITLE,C_BOARD_CONTENT,C_BOARD_FILE_NAME,C_BOARD_FILE_RENAME,C_BOARD_FILE_PATH,C_BOARD_FILE_LENGTH,C_BOARD_DATE,C_BOARD_UPDATE_DATE,C_BOARD_WRITER,CHAL_NO) values (130,'11번째 챌린지 게시물','11번째 챌린지 게시물입니다.','admin-img.png','admin-img.png','../resources/cuploadFiles/admin-img.png',0,to_timestamp('23/09/22 17:09:26.707000000','RR/MM/DD HH24:MI:SSXFF'),to_timestamp('23/09/22 17:09:26.707000000','RR/MM/DD HH24:MI:SSXFF'),'pandapanda',233);
Insert into BLUEWAVE.CHAL_BOARD_TBL (C_BOARD_NO,C_BOARD_TITLE,C_BOARD_CONTENT,C_BOARD_FILE_NAME,C_BOARD_FILE_RENAME,C_BOARD_FILE_PATH,C_BOARD_FILE_LENGTH,C_BOARD_DATE,C_BOARD_UPDATE_DATE,C_BOARD_WRITER,CHAL_NO) values (131,'12번째 챌린지 게시물','12번째 챌린지 게시물입니다.','admin-img.png','admin-img.png','../resources/cuploadFiles/admin-img.png',0,to_timestamp('23/09/22 17:09:26.707000000','RR/MM/DD HH24:MI:SSXFF'),to_timestamp('23/09/22 17:09:26.707000000','RR/MM/DD HH24:MI:SSXFF'),'pandapanda',233);
Insert into BLUEWAVE.CHAL_BOARD_TBL (C_BOARD_NO,C_BOARD_TITLE,C_BOARD_CONTENT,C_BOARD_FILE_NAME,C_BOARD_FILE_RENAME,C_BOARD_FILE_PATH,C_BOARD_FILE_LENGTH,C_BOARD_DATE,C_BOARD_UPDATE_DATE,C_BOARD_WRITER,CHAL_NO) values (132,'13번째 챌린지 게시물','13번째 챌린지 게시물입니다.','admin-img.png','admin-img.png','../resources/cuploadFiles/admin-img.png',0,to_timestamp('23/09/22 17:09:26.707000000','RR/MM/DD HH24:MI:SSXFF'),to_timestamp('23/09/22 17:09:26.707000000','RR/MM/DD HH24:MI:SSXFF'),'pandapanda',233);
Insert into BLUEWAVE.CHAL_BOARD_TBL (C_BOARD_NO,C_BOARD_TITLE,C_BOARD_CONTENT,C_BOARD_FILE_NAME,C_BOARD_FILE_RENAME,C_BOARD_FILE_PATH,C_BOARD_FILE_LENGTH,C_BOARD_DATE,C_BOARD_UPDATE_DATE,C_BOARD_WRITER,CHAL_NO) values (133,'14번째 챌린지 게시물','14번째 챌린지 게시물입니다.','admin-img.png','admin-img.png','../resources/cuploadFiles/admin-img.png',0,to_timestamp('23/09/22 17:09:26.707000000','RR/MM/DD HH24:MI:SSXFF'),to_timestamp('23/09/22 17:09:26.707000000','RR/MM/DD HH24:MI:SSXFF'),'pandapanda',233);
Insert into BLUEWAVE.CHAL_BOARD_TBL (C_BOARD_NO,C_BOARD_TITLE,C_BOARD_CONTENT,C_BOARD_FILE_NAME,C_BOARD_FILE_RENAME,C_BOARD_FILE_PATH,C_BOARD_FILE_LENGTH,C_BOARD_DATE,C_BOARD_UPDATE_DATE,C_BOARD_WRITER,CHAL_NO) values (134,'15번째 챌린지 게시물','15번째 챌린지 게시물입니다.','admin-img.png','admin-img.png','../resources/cuploadFiles/admin-img.png',0,to_timestamp('23/09/22 17:09:26.707000000','RR/MM/DD HH24:MI:SSXFF'),to_timestamp('23/09/22 17:09:26.707000000','RR/MM/DD HH24:MI:SSXFF'),'pandapanda',233);
Insert into BLUEWAVE.CHAL_BOARD_TBL (C_BOARD_NO,C_BOARD_TITLE,C_BOARD_CONTENT,C_BOARD_FILE_NAME,C_BOARD_FILE_RENAME,C_BOARD_FILE_PATH,C_BOARD_FILE_LENGTH,C_BOARD_DATE,C_BOARD_UPDATE_DATE,C_BOARD_WRITER,CHAL_NO) values (135,'16번째 챌린지 게시물','16번째 챌린지 게시물입니다.','admin-img.png','admin-img.png','../resources/cuploadFiles/admin-img.png',0,to_timestamp('23/09/22 17:09:26.707000000','RR/MM/DD HH24:MI:SSXFF'),to_timestamp('23/09/22 17:09:26.707000000','RR/MM/DD HH24:MI:SSXFF'),'pandapanda',233);
Insert into BLUEWAVE.CHAL_BOARD_TBL (C_BOARD_NO,C_BOARD_TITLE,C_BOARD_CONTENT,C_BOARD_FILE_NAME,C_BOARD_FILE_RENAME,C_BOARD_FILE_PATH,C_BOARD_FILE_LENGTH,C_BOARD_DATE,C_BOARD_UPDATE_DATE,C_BOARD_WRITER,CHAL_NO) values (137,'18번째 챌린지 게시물','18번째 챌린지 게시물입니다.','admin-img.png','admin-img.png','../resources/cuploadFiles/admin-img.png',0,to_timestamp('23/09/22 17:09:26.707000000','RR/MM/DD HH24:MI:SSXFF'),to_timestamp('23/09/22 17:09:26.707000000','RR/MM/DD HH24:MI:SSXFF'),'pandapanda',233);
Insert into BLUEWAVE.CHAL_BOARD_TBL (C_BOARD_NO,C_BOARD_TITLE,C_BOARD_CONTENT,C_BOARD_FILE_NAME,C_BOARD_FILE_RENAME,C_BOARD_FILE_PATH,C_BOARD_FILE_LENGTH,C_BOARD_DATE,C_BOARD_UPDATE_DATE,C_BOARD_WRITER,CHAL_NO) values (138,'19번째 챌린지 게시물','19번째 챌린지 게시물입니다.','admin-img.png','admin-img.png','../resources/cuploadFiles/admin-img.png',0,to_timestamp('23/09/22 17:09:26.707000000','RR/MM/DD HH24:MI:SSXFF'),to_timestamp('23/09/22 17:09:26.707000000','RR/MM/DD HH24:MI:SSXFF'),'pandapanda',233);
Insert into BLUEWAVE.CHAL_BOARD_TBL (C_BOARD_NO,C_BOARD_TITLE,C_BOARD_CONTENT,C_BOARD_FILE_NAME,C_BOARD_FILE_RENAME,C_BOARD_FILE_PATH,C_BOARD_FILE_LENGTH,C_BOARD_DATE,C_BOARD_UPDATE_DATE,C_BOARD_WRITER,CHAL_NO) values (139,'20번째 챌린지 게시물','20번째 챌린지 게시물입니다.','admin-img.png','admin-img.png','../resources/cuploadFiles/admin-img.png',0,to_timestamp('23/09/22 17:09:26.707000000','RR/MM/DD HH24:MI:SSXFF'),to_timestamp('23/09/22 17:09:26.707000000','RR/MM/DD HH24:MI:SSXFF'),'pandapanda',233);
Insert into BLUEWAVE.CHAL_BOARD_TBL (C_BOARD_NO,C_BOARD_TITLE,C_BOARD_CONTENT,C_BOARD_FILE_NAME,C_BOARD_FILE_RENAME,C_BOARD_FILE_PATH,C_BOARD_FILE_LENGTH,C_BOARD_DATE,C_BOARD_UPDATE_DATE,C_BOARD_WRITER,CHAL_NO) values (140,'21번째 챌린지 게시물','21번째 챌린지 게시물입니다.','admin-img.png','admin-img.png','../resources/cuploadFiles/admin-img.png',0,to_timestamp('23/09/22 17:09:26.707000000','RR/MM/DD HH24:MI:SSXFF'),to_timestamp('23/09/22 17:09:26.707000000','RR/MM/DD HH24:MI:SSXFF'),'pandapanda',233);
Insert into BLUEWAVE.CHAL_BOARD_TBL (C_BOARD_NO,C_BOARD_TITLE,C_BOARD_CONTENT,C_BOARD_FILE_NAME,C_BOARD_FILE_RENAME,C_BOARD_FILE_PATH,C_BOARD_FILE_LENGTH,C_BOARD_DATE,C_BOARD_UPDATE_DATE,C_BOARD_WRITER,CHAL_NO) values (141,'22번째 챌린지 게시물','22번째 챌린지 게시물입니다.','admin-img.png','admin-img.png','../resources/cuploadFiles/admin-img.png',0,to_timestamp('23/09/22 17:09:26.707000000','RR/MM/DD HH24:MI:SSXFF'),to_timestamp('23/09/22 17:09:26.707000000','RR/MM/DD HH24:MI:SSXFF'),'pandapanda',233);
Insert into BLUEWAVE.CHAL_BOARD_TBL (C_BOARD_NO,C_BOARD_TITLE,C_BOARD_CONTENT,C_BOARD_FILE_NAME,C_BOARD_FILE_RENAME,C_BOARD_FILE_PATH,C_BOARD_FILE_LENGTH,C_BOARD_DATE,C_BOARD_UPDATE_DATE,C_BOARD_WRITER,CHAL_NO) values (142,'23번째 챌린지 게시물','23번째 챌린지 게시물입니다.','admin-img.png','admin-img.png','../resources/cuploadFiles/admin-img.png',0,to_timestamp('23/09/22 17:09:26.707000000','RR/MM/DD HH24:MI:SSXFF'),to_timestamp('23/09/22 17:09:26.707000000','RR/MM/DD HH24:MI:SSXFF'),'pandapanda',233);
Insert into BLUEWAVE.CHAL_BOARD_TBL (C_BOARD_NO,C_BOARD_TITLE,C_BOARD_CONTENT,C_BOARD_FILE_NAME,C_BOARD_FILE_RENAME,C_BOARD_FILE_PATH,C_BOARD_FILE_LENGTH,C_BOARD_DATE,C_BOARD_UPDATE_DATE,C_BOARD_WRITER,CHAL_NO) values (143,'24번째 챌린지 게시물','24번째 챌린지 게시물입니다.','admin-img.png','admin-img.png','../resources/cuploadFiles/admin-img.png',0,to_timestamp('23/09/22 17:09:26.707000000','RR/MM/DD HH24:MI:SSXFF'),to_timestamp('23/09/22 17:09:26.707000000','RR/MM/DD HH24:MI:SSXFF'),'pandapanda',233);
Insert into BLUEWAVE.CHAL_BOARD_TBL (C_BOARD_NO,C_BOARD_TITLE,C_BOARD_CONTENT,C_BOARD_FILE_NAME,C_BOARD_FILE_RENAME,C_BOARD_FILE_PATH,C_BOARD_FILE_LENGTH,C_BOARD_DATE,C_BOARD_UPDATE_DATE,C_BOARD_WRITER,CHAL_NO) values (144,'25번째 챌린지 게시물','25번째 챌린지 게시물입니다.','admin-img.png','admin-img.png','../resources/cuploadFiles/admin-img.png',0,to_timestamp('23/09/22 17:09:26.707000000','RR/MM/DD HH24:MI:SSXFF'),to_timestamp('23/09/22 17:09:26.707000000','RR/MM/DD HH24:MI:SSXFF'),'pandapanda',233);
Insert into BLUEWAVE.CHAL_BOARD_TBL (C_BOARD_NO,C_BOARD_TITLE,C_BOARD_CONTENT,C_BOARD_FILE_NAME,C_BOARD_FILE_RENAME,C_BOARD_FILE_PATH,C_BOARD_FILE_LENGTH,C_BOARD_DATE,C_BOARD_UPDATE_DATE,C_BOARD_WRITER,CHAL_NO) values (145,'26번째 챌린지 게시물','26번째 챌린지 게시물입니다.','admin-img.png','admin-img.png','../resources/cuploadFiles/admin-img.png',0,to_timestamp('23/09/22 17:09:26.707000000','RR/MM/DD HH24:MI:SSXFF'),to_timestamp('23/09/22 17:09:26.707000000','RR/MM/DD HH24:MI:SSXFF'),'pandapanda',233);
Insert into BLUEWAVE.CHAL_BOARD_TBL (C_BOARD_NO,C_BOARD_TITLE,C_BOARD_CONTENT,C_BOARD_FILE_NAME,C_BOARD_FILE_RENAME,C_BOARD_FILE_PATH,C_BOARD_FILE_LENGTH,C_BOARD_DATE,C_BOARD_UPDATE_DATE,C_BOARD_WRITER,CHAL_NO) values (146,'27번째 챌린지 게시물','27번째 챌린지 게시물입니다.','admin-img.png','admin-img.png','../resources/cuploadFiles/admin-img.png',0,to_timestamp('23/09/22 17:09:26.707000000','RR/MM/DD HH24:MI:SSXFF'),to_timestamp('23/09/22 17:09:26.707000000','RR/MM/DD HH24:MI:SSXFF'),'pandapanda',233);
Insert into BLUEWAVE.CHAL_BOARD_TBL (C_BOARD_NO,C_BOARD_TITLE,C_BOARD_CONTENT,C_BOARD_FILE_NAME,C_BOARD_FILE_RENAME,C_BOARD_FILE_PATH,C_BOARD_FILE_LENGTH,C_BOARD_DATE,C_BOARD_UPDATE_DATE,C_BOARD_WRITER,CHAL_NO) values (147,'28번째 챌린지 게시물','28번째 챌린지 게시물입니다.','admin-img.png','admin-img.png','../resources/cuploadFiles/admin-img.png',0,to_timestamp('23/09/22 17:09:26.707000000','RR/MM/DD HH24:MI:SSXFF'),to_timestamp('23/09/22 17:09:26.707000000','RR/MM/DD HH24:MI:SSXFF'),'pandapanda',233);
Insert into BLUEWAVE.CHAL_BOARD_TBL (C_BOARD_NO,C_BOARD_TITLE,C_BOARD_CONTENT,C_BOARD_FILE_NAME,C_BOARD_FILE_RENAME,C_BOARD_FILE_PATH,C_BOARD_FILE_LENGTH,C_BOARD_DATE,C_BOARD_UPDATE_DATE,C_BOARD_WRITER,CHAL_NO) values (148,'29번째 챌린지 게시물','29번째 챌린지 게시물입니다.','admin-img.png','admin-img.png','../resources/cuploadFiles/admin-img.png',0,to_timestamp('23/09/22 17:09:26.707000000','RR/MM/DD HH24:MI:SSXFF'),to_timestamp('23/09/22 17:09:26.707000000','RR/MM/DD HH24:MI:SSXFF'),'pandapanda',233);
Insert into BLUEWAVE.CHAL_BOARD_TBL (C_BOARD_NO,C_BOARD_TITLE,C_BOARD_CONTENT,C_BOARD_FILE_NAME,C_BOARD_FILE_RENAME,C_BOARD_FILE_PATH,C_BOARD_FILE_LENGTH,C_BOARD_DATE,C_BOARD_UPDATE_DATE,C_BOARD_WRITER,CHAL_NO) values (149,'30번째 챌린지 게시물','30번째 챌린지 게시물입니다.','admin-img.png','admin-img.png','../resources/cuploadFiles/admin-img.png',0,to_timestamp('23/09/22 17:09:26.707000000','RR/MM/DD HH24:MI:SSXFF'),to_timestamp('23/09/22 17:09:26.707000000','RR/MM/DD HH24:MI:SSXFF'),'pandapanda',233);
Insert into BLUEWAVE.CHAL_BOARD_TBL (C_BOARD_NO,C_BOARD_TITLE,C_BOARD_CONTENT,C_BOARD_FILE_NAME,C_BOARD_FILE_RENAME,C_BOARD_FILE_PATH,C_BOARD_FILE_LENGTH,C_BOARD_DATE,C_BOARD_UPDATE_DATE,C_BOARD_WRITER,CHAL_NO) values (150,'31번째 챌린지 게시물','31번째 챌린지 게시물입니다.','admin-img.png','admin-img.png','../resources/cuploadFiles/admin-img.png',0,to_timestamp('23/09/22 17:09:26.707000000','RR/MM/DD HH24:MI:SSXFF'),to_timestamp('23/09/22 17:09:26.707000000','RR/MM/DD HH24:MI:SSXFF'),'pandapanda',233);
Insert into BLUEWAVE.CHAL_BOARD_TBL (C_BOARD_NO,C_BOARD_TITLE,C_BOARD_CONTENT,C_BOARD_FILE_NAME,C_BOARD_FILE_RENAME,C_BOARD_FILE_PATH,C_BOARD_FILE_LENGTH,C_BOARD_DATE,C_BOARD_UPDATE_DATE,C_BOARD_WRITER,CHAL_NO) values (151,'32번째 챌린지 게시물','32번째 챌린지 게시물입니다.','admin-img.png','admin-img.png','../resources/cuploadFiles/admin-img.png',0,to_timestamp('23/09/22 17:09:26.707000000','RR/MM/DD HH24:MI:SSXFF'),to_timestamp('23/09/22 17:09:26.707000000','RR/MM/DD HH24:MI:SSXFF'),'pandapanda',233);
Insert into BLUEWAVE.CHAL_BOARD_TBL (C_BOARD_NO,C_BOARD_TITLE,C_BOARD_CONTENT,C_BOARD_FILE_NAME,C_BOARD_FILE_RENAME,C_BOARD_FILE_PATH,C_BOARD_FILE_LENGTH,C_BOARD_DATE,C_BOARD_UPDATE_DATE,C_BOARD_WRITER,CHAL_NO) values (152,'1번째 챌린지 게시물','1번째 챌린지 게시물입니다.','admin-img.png','admin-img.png','../resources/cuploadFiles/admin-img.png',0,to_timestamp('23/09/22 17:09:42.096000000','RR/MM/DD HH24:MI:SSXFF'),to_timestamp('23/09/22 17:09:42.096000000','RR/MM/DD HH24:MI:SSXFF'),'pandapanda',234);
Insert into BLUEWAVE.CHAL_BOARD_TBL (C_BOARD_NO,C_BOARD_TITLE,C_BOARD_CONTENT,C_BOARD_FILE_NAME,C_BOARD_FILE_RENAME,C_BOARD_FILE_PATH,C_BOARD_FILE_LENGTH,C_BOARD_DATE,C_BOARD_UPDATE_DATE,C_BOARD_WRITER,CHAL_NO) values (153,'2번째 챌린지 게시물','2번째 챌린지 게시물입니다.','admin-img.png','admin-img.png','../resources/cuploadFiles/admin-img.png',0,to_timestamp('23/09/22 17:09:42.096000000','RR/MM/DD HH24:MI:SSXFF'),to_timestamp('23/09/22 17:09:42.096000000','RR/MM/DD HH24:MI:SSXFF'),'pandapanda',234);
Insert into BLUEWAVE.CHAL_BOARD_TBL (C_BOARD_NO,C_BOARD_TITLE,C_BOARD_CONTENT,C_BOARD_FILE_NAME,C_BOARD_FILE_RENAME,C_BOARD_FILE_PATH,C_BOARD_FILE_LENGTH,C_BOARD_DATE,C_BOARD_UPDATE_DATE,C_BOARD_WRITER,CHAL_NO) values (154,'3번째 챌린지 게시물','3번째 챌린지 게시물입니다.','admin-img.png','admin-img.png','../resources/cuploadFiles/admin-img.png',0,to_timestamp('23/09/22 17:09:42.096000000','RR/MM/DD HH24:MI:SSXFF'),to_timestamp('23/09/22 17:09:42.096000000','RR/MM/DD HH24:MI:SSXFF'),'pandapanda',234);
Insert into BLUEWAVE.CHAL_BOARD_TBL (C_BOARD_NO,C_BOARD_TITLE,C_BOARD_CONTENT,C_BOARD_FILE_NAME,C_BOARD_FILE_RENAME,C_BOARD_FILE_PATH,C_BOARD_FILE_LENGTH,C_BOARD_DATE,C_BOARD_UPDATE_DATE,C_BOARD_WRITER,CHAL_NO) values (155,'4번째 챌린지 게시물','4번째 챌린지 게시물입니다.','admin-img.png','admin-img.png','../resources/cuploadFiles/admin-img.png',0,to_timestamp('23/09/22 17:09:42.096000000','RR/MM/DD HH24:MI:SSXFF'),to_timestamp('23/09/22 17:09:42.096000000','RR/MM/DD HH24:MI:SSXFF'),'pandapanda',234);
Insert into BLUEWAVE.CHAL_BOARD_TBL (C_BOARD_NO,C_BOARD_TITLE,C_BOARD_CONTENT,C_BOARD_FILE_NAME,C_BOARD_FILE_RENAME,C_BOARD_FILE_PATH,C_BOARD_FILE_LENGTH,C_BOARD_DATE,C_BOARD_UPDATE_DATE,C_BOARD_WRITER,CHAL_NO) values (156,'5번째 챌린지 게시물','5번째 챌린지 게시물입니다.','admin-img.png','admin-img.png','../resources/cuploadFiles/admin-img.png',0,to_timestamp('23/09/22 17:09:42.096000000','RR/MM/DD HH24:MI:SSXFF'),to_timestamp('23/09/22 17:09:42.096000000','RR/MM/DD HH24:MI:SSXFF'),'pandapanda',234);
Insert into BLUEWAVE.CHAL_BOARD_TBL (C_BOARD_NO,C_BOARD_TITLE,C_BOARD_CONTENT,C_BOARD_FILE_NAME,C_BOARD_FILE_RENAME,C_BOARD_FILE_PATH,C_BOARD_FILE_LENGTH,C_BOARD_DATE,C_BOARD_UPDATE_DATE,C_BOARD_WRITER,CHAL_NO) values (157,'6번째 챌린지 게시물','6번째 챌린지 게시물입니다.','admin-img.png','admin-img.png','../resources/cuploadFiles/admin-img.png',0,to_timestamp('23/09/22 17:09:42.096000000','RR/MM/DD HH24:MI:SSXFF'),to_timestamp('23/09/22 17:09:42.096000000','RR/MM/DD HH24:MI:SSXFF'),'pandapanda',234);
Insert into BLUEWAVE.CHAL_BOARD_TBL (C_BOARD_NO,C_BOARD_TITLE,C_BOARD_CONTENT,C_BOARD_FILE_NAME,C_BOARD_FILE_RENAME,C_BOARD_FILE_PATH,C_BOARD_FILE_LENGTH,C_BOARD_DATE,C_BOARD_UPDATE_DATE,C_BOARD_WRITER,CHAL_NO) values (158,'7번째 챌린지 게시물','7번째 챌린지 게시물입니다.','admin-img.png','admin-img.png','../resources/cuploadFiles/admin-img.png',0,to_timestamp('23/09/22 17:09:42.096000000','RR/MM/DD HH24:MI:SSXFF'),to_timestamp('23/09/22 17:09:42.096000000','RR/MM/DD HH24:MI:SSXFF'),'pandapanda',234);
Insert into BLUEWAVE.CHAL_BOARD_TBL (C_BOARD_NO,C_BOARD_TITLE,C_BOARD_CONTENT,C_BOARD_FILE_NAME,C_BOARD_FILE_RENAME,C_BOARD_FILE_PATH,C_BOARD_FILE_LENGTH,C_BOARD_DATE,C_BOARD_UPDATE_DATE,C_BOARD_WRITER,CHAL_NO) values (159,'8번째 챌린지 게시물','8번째 챌린지 게시물입니다.','admin-img.png','admin-img.png','../resources/cuploadFiles/admin-img.png',0,to_timestamp('23/09/22 17:09:42.096000000','RR/MM/DD HH24:MI:SSXFF'),to_timestamp('23/09/22 17:09:42.096000000','RR/MM/DD HH24:MI:SSXFF'),'pandapanda',234);
Insert into BLUEWAVE.CHAL_BOARD_TBL (C_BOARD_NO,C_BOARD_TITLE,C_BOARD_CONTENT,C_BOARD_FILE_NAME,C_BOARD_FILE_RENAME,C_BOARD_FILE_PATH,C_BOARD_FILE_LENGTH,C_BOARD_DATE,C_BOARD_UPDATE_DATE,C_BOARD_WRITER,CHAL_NO) values (160,'9번째 챌린지 게시물','9번째 챌린지 게시물입니다.','admin-img.png','admin-img.png','../resources/cuploadFiles/admin-img.png',0,to_timestamp('23/09/22 17:09:42.096000000','RR/MM/DD HH24:MI:SSXFF'),to_timestamp('23/09/22 17:09:42.096000000','RR/MM/DD HH24:MI:SSXFF'),'pandapanda',234);
Insert into BLUEWAVE.CHAL_BOARD_TBL (C_BOARD_NO,C_BOARD_TITLE,C_BOARD_CONTENT,C_BOARD_FILE_NAME,C_BOARD_FILE_RENAME,C_BOARD_FILE_PATH,C_BOARD_FILE_LENGTH,C_BOARD_DATE,C_BOARD_UPDATE_DATE,C_BOARD_WRITER,CHAL_NO) values (161,'10번째 챌린지 게시물','10번째 챌린지 게시물입니다.','admin-img.png','admin-img.png','../resources/cuploadFiles/admin-img.png',0,to_timestamp('23/09/22 17:09:42.096000000','RR/MM/DD HH24:MI:SSXFF'),to_timestamp('23/09/22 17:09:42.096000000','RR/MM/DD HH24:MI:SSXFF'),'pandapanda',234);
Insert into BLUEWAVE.CHAL_BOARD_TBL (C_BOARD_NO,C_BOARD_TITLE,C_BOARD_CONTENT,C_BOARD_FILE_NAME,C_BOARD_FILE_RENAME,C_BOARD_FILE_PATH,C_BOARD_FILE_LENGTH,C_BOARD_DATE,C_BOARD_UPDATE_DATE,C_BOARD_WRITER,CHAL_NO) values (162,'11번째 챌린지 게시물','11번째 챌린지 게시물입니다.','admin-img.png','admin-img.png','../resources/cuploadFiles/admin-img.png',0,to_timestamp('23/09/22 17:09:42.096000000','RR/MM/DD HH24:MI:SSXFF'),to_timestamp('23/09/22 17:09:42.096000000','RR/MM/DD HH24:MI:SSXFF'),'pandapanda',234);
Insert into BLUEWAVE.CHAL_BOARD_TBL (C_BOARD_NO,C_BOARD_TITLE,C_BOARD_CONTENT,C_BOARD_FILE_NAME,C_BOARD_FILE_RENAME,C_BOARD_FILE_PATH,C_BOARD_FILE_LENGTH,C_BOARD_DATE,C_BOARD_UPDATE_DATE,C_BOARD_WRITER,CHAL_NO) values (163,'12번째 챌린지 게시물','12번째 챌린지 게시물입니다.','admin-img.png','admin-img.png','../resources/cuploadFiles/admin-img.png',0,to_timestamp('23/09/22 17:09:42.096000000','RR/MM/DD HH24:MI:SSXFF'),to_timestamp('23/09/22 17:09:42.096000000','RR/MM/DD HH24:MI:SSXFF'),'pandapanda',234);
Insert into BLUEWAVE.CHAL_BOARD_TBL (C_BOARD_NO,C_BOARD_TITLE,C_BOARD_CONTENT,C_BOARD_FILE_NAME,C_BOARD_FILE_RENAME,C_BOARD_FILE_PATH,C_BOARD_FILE_LENGTH,C_BOARD_DATE,C_BOARD_UPDATE_DATE,C_BOARD_WRITER,CHAL_NO) values (164,'13번째 챌린지 게시물','13번째 챌린지 게시물입니다.','admin-img.png','admin-img.png','../resources/cuploadFiles/admin-img.png',0,to_timestamp('23/09/22 17:09:42.096000000','RR/MM/DD HH24:MI:SSXFF'),to_timestamp('23/09/22 17:09:42.096000000','RR/MM/DD HH24:MI:SSXFF'),'pandapanda',234);
Insert into BLUEWAVE.CHAL_BOARD_TBL (C_BOARD_NO,C_BOARD_TITLE,C_BOARD_CONTENT,C_BOARD_FILE_NAME,C_BOARD_FILE_RENAME,C_BOARD_FILE_PATH,C_BOARD_FILE_LENGTH,C_BOARD_DATE,C_BOARD_UPDATE_DATE,C_BOARD_WRITER,CHAL_NO) values (165,'14번째 챌린지 게시물','14번째 챌린지 게시물입니다.','admin-img.png','admin-img.png','../resources/cuploadFiles/admin-img.png',0,to_timestamp('23/09/22 17:09:42.096000000','RR/MM/DD HH24:MI:SSXFF'),to_timestamp('23/09/22 17:09:42.096000000','RR/MM/DD HH24:MI:SSXFF'),'pandapanda',234);
Insert into BLUEWAVE.CHAL_BOARD_TBL (C_BOARD_NO,C_BOARD_TITLE,C_BOARD_CONTENT,C_BOARD_FILE_NAME,C_BOARD_FILE_RENAME,C_BOARD_FILE_PATH,C_BOARD_FILE_LENGTH,C_BOARD_DATE,C_BOARD_UPDATE_DATE,C_BOARD_WRITER,CHAL_NO) values (166,'15번째 챌린지 게시물','15번째 챌린지 게시물입니다.','admin-img.png','admin-img.png','../resources/cuploadFiles/admin-img.png',0,to_timestamp('23/09/22 17:09:42.096000000','RR/MM/DD HH24:MI:SSXFF'),to_timestamp('23/09/22 17:09:42.096000000','RR/MM/DD HH24:MI:SSXFF'),'pandapanda',234);
Insert into BLUEWAVE.CHAL_BOARD_TBL (C_BOARD_NO,C_BOARD_TITLE,C_BOARD_CONTENT,C_BOARD_FILE_NAME,C_BOARD_FILE_RENAME,C_BOARD_FILE_PATH,C_BOARD_FILE_LENGTH,C_BOARD_DATE,C_BOARD_UPDATE_DATE,C_BOARD_WRITER,CHAL_NO) values (167,'16번째 챌린지 게시물','16번째 챌린지 게시물입니다.','admin-img.png','admin-img.png','../resources/cuploadFiles/admin-img.png',0,to_timestamp('23/09/22 17:09:42.096000000','RR/MM/DD HH24:MI:SSXFF'),to_timestamp('23/09/22 17:09:42.096000000','RR/MM/DD HH24:MI:SSXFF'),'pandapanda',234);
Insert into BLUEWAVE.CHAL_BOARD_TBL (C_BOARD_NO,C_BOARD_TITLE,C_BOARD_CONTENT,C_BOARD_FILE_NAME,C_BOARD_FILE_RENAME,C_BOARD_FILE_PATH,C_BOARD_FILE_LENGTH,C_BOARD_DATE,C_BOARD_UPDATE_DATE,C_BOARD_WRITER,CHAL_NO) values (168,'17번째 챌린지 게시물','17번째 챌린지 게시물입니다.','admin-img.png','admin-img.png','../resources/cuploadFiles/admin-img.png',0,to_timestamp('23/09/22 17:09:42.096000000','RR/MM/DD HH24:MI:SSXFF'),to_timestamp('23/09/22 17:09:42.096000000','RR/MM/DD HH24:MI:SSXFF'),'pandapanda',234);
Insert into BLUEWAVE.CHAL_BOARD_TBL (C_BOARD_NO,C_BOARD_TITLE,C_BOARD_CONTENT,C_BOARD_FILE_NAME,C_BOARD_FILE_RENAME,C_BOARD_FILE_PATH,C_BOARD_FILE_LENGTH,C_BOARD_DATE,C_BOARD_UPDATE_DATE,C_BOARD_WRITER,CHAL_NO) values (169,'18번째 챌린지 게시물','18번째 챌린지 게시물입니다.','admin-img.png','admin-img.png','../resources/cuploadFiles/admin-img.png',0,to_timestamp('23/09/22 17:09:42.096000000','RR/MM/DD HH24:MI:SSXFF'),to_timestamp('23/09/22 17:09:42.096000000','RR/MM/DD HH24:MI:SSXFF'),'pandapanda',234);
Insert into BLUEWAVE.CHAL_BOARD_TBL (C_BOARD_NO,C_BOARD_TITLE,C_BOARD_CONTENT,C_BOARD_FILE_NAME,C_BOARD_FILE_RENAME,C_BOARD_FILE_PATH,C_BOARD_FILE_LENGTH,C_BOARD_DATE,C_BOARD_UPDATE_DATE,C_BOARD_WRITER,CHAL_NO) values (170,'19번째 챌린지 게시물','19번째 챌린지 게시물입니다.','admin-img.png','admin-img.png','../resources/cuploadFiles/admin-img.png',0,to_timestamp('23/09/22 17:09:42.096000000','RR/MM/DD HH24:MI:SSXFF'),to_timestamp('23/09/22 17:09:42.096000000','RR/MM/DD HH24:MI:SSXFF'),'pandapanda',234);
Insert into BLUEWAVE.CHAL_BOARD_TBL (C_BOARD_NO,C_BOARD_TITLE,C_BOARD_CONTENT,C_BOARD_FILE_NAME,C_BOARD_FILE_RENAME,C_BOARD_FILE_PATH,C_BOARD_FILE_LENGTH,C_BOARD_DATE,C_BOARD_UPDATE_DATE,C_BOARD_WRITER,CHAL_NO) values (171,'20번째 챌린지 게시물','20번째 챌린지 게시물입니다.','admin-img.png','admin-img.png','../resources/cuploadFiles/admin-img.png',0,to_timestamp('23/09/22 17:09:42.096000000','RR/MM/DD HH24:MI:SSXFF'),to_timestamp('23/09/22 17:09:42.096000000','RR/MM/DD HH24:MI:SSXFF'),'pandapanda',234);
Insert into BLUEWAVE.CHAL_BOARD_TBL (C_BOARD_NO,C_BOARD_TITLE,C_BOARD_CONTENT,C_BOARD_FILE_NAME,C_BOARD_FILE_RENAME,C_BOARD_FILE_PATH,C_BOARD_FILE_LENGTH,C_BOARD_DATE,C_BOARD_UPDATE_DATE,C_BOARD_WRITER,CHAL_NO) values (172,'21번째 챌린지 게시물','21번째 챌린지 게시물입니다.','admin-img.png','admin-img.png','../resources/cuploadFiles/admin-img.png',0,to_timestamp('23/09/22 17:09:42.096000000','RR/MM/DD HH24:MI:SSXFF'),to_timestamp('23/09/22 17:09:42.096000000','RR/MM/DD HH24:MI:SSXFF'),'pandapanda',234);
Insert into BLUEWAVE.CHAL_BOARD_TBL (C_BOARD_NO,C_BOARD_TITLE,C_BOARD_CONTENT,C_BOARD_FILE_NAME,C_BOARD_FILE_RENAME,C_BOARD_FILE_PATH,C_BOARD_FILE_LENGTH,C_BOARD_DATE,C_BOARD_UPDATE_DATE,C_BOARD_WRITER,CHAL_NO) values (173,'22번째 챌린지 게시물','22번째 챌린지 게시물입니다.','admin-img.png','admin-img.png','../resources/cuploadFiles/admin-img.png',0,to_timestamp('23/09/22 17:09:42.096000000','RR/MM/DD HH24:MI:SSXFF'),to_timestamp('23/09/22 17:09:42.096000000','RR/MM/DD HH24:MI:SSXFF'),'pandapanda',234);
Insert into BLUEWAVE.CHAL_BOARD_TBL (C_BOARD_NO,C_BOARD_TITLE,C_BOARD_CONTENT,C_BOARD_FILE_NAME,C_BOARD_FILE_RENAME,C_BOARD_FILE_PATH,C_BOARD_FILE_LENGTH,C_BOARD_DATE,C_BOARD_UPDATE_DATE,C_BOARD_WRITER,CHAL_NO) values (174,'23번째 챌린지 게시물','23번째 챌린지 게시물입니다.','admin-img.png','admin-img.png','../resources/cuploadFiles/admin-img.png',0,to_timestamp('23/09/22 17:09:42.096000000','RR/MM/DD HH24:MI:SSXFF'),to_timestamp('23/09/22 17:09:42.096000000','RR/MM/DD HH24:MI:SSXFF'),'pandapanda',234);
Insert into BLUEWAVE.CHAL_BOARD_TBL (C_BOARD_NO,C_BOARD_TITLE,C_BOARD_CONTENT,C_BOARD_FILE_NAME,C_BOARD_FILE_RENAME,C_BOARD_FILE_PATH,C_BOARD_FILE_LENGTH,C_BOARD_DATE,C_BOARD_UPDATE_DATE,C_BOARD_WRITER,CHAL_NO) values (175,'24번째 챌린지 게시물','24번째 챌린지 게시물입니다.','admin-img.png','admin-img.png','../resources/cuploadFiles/admin-img.png',0,to_timestamp('23/09/22 17:09:42.096000000','RR/MM/DD HH24:MI:SSXFF'),to_timestamp('23/09/22 17:09:42.096000000','RR/MM/DD HH24:MI:SSXFF'),'pandapanda',234);
Insert into BLUEWAVE.CHAL_BOARD_TBL (C_BOARD_NO,C_BOARD_TITLE,C_BOARD_CONTENT,C_BOARD_FILE_NAME,C_BOARD_FILE_RENAME,C_BOARD_FILE_PATH,C_BOARD_FILE_LENGTH,C_BOARD_DATE,C_BOARD_UPDATE_DATE,C_BOARD_WRITER,CHAL_NO) values (176,'25번째 챌린지 게시물','25번째 챌린지 게시물입니다.','admin-img.png','admin-img.png','../resources/cuploadFiles/admin-img.png',0,to_timestamp('23/09/22 17:09:42.096000000','RR/MM/DD HH24:MI:SSXFF'),to_timestamp('23/09/22 17:09:42.096000000','RR/MM/DD HH24:MI:SSXFF'),'pandapanda',234);
Insert into BLUEWAVE.CHAL_BOARD_TBL (C_BOARD_NO,C_BOARD_TITLE,C_BOARD_CONTENT,C_BOARD_FILE_NAME,C_BOARD_FILE_RENAME,C_BOARD_FILE_PATH,C_BOARD_FILE_LENGTH,C_BOARD_DATE,C_BOARD_UPDATE_DATE,C_BOARD_WRITER,CHAL_NO) values (177,'26번째 챌린지 게시물','26번째 챌린지 게시물입니다.','admin-img.png','admin-img.png','../resources/cuploadFiles/admin-img.png',0,to_timestamp('23/09/22 17:09:42.096000000','RR/MM/DD HH24:MI:SSXFF'),to_timestamp('23/09/22 17:09:42.096000000','RR/MM/DD HH24:MI:SSXFF'),'pandapanda',234);
Insert into BLUEWAVE.CHAL_BOARD_TBL (C_BOARD_NO,C_BOARD_TITLE,C_BOARD_CONTENT,C_BOARD_FILE_NAME,C_BOARD_FILE_RENAME,C_BOARD_FILE_PATH,C_BOARD_FILE_LENGTH,C_BOARD_DATE,C_BOARD_UPDATE_DATE,C_BOARD_WRITER,CHAL_NO) values (178,'27번째 챌린지 게시물','27번째 챌린지 게시물입니다.','admin-img.png','admin-img.png','../resources/cuploadFiles/admin-img.png',0,to_timestamp('23/09/22 17:09:42.096000000','RR/MM/DD HH24:MI:SSXFF'),to_timestamp('23/09/22 17:09:42.096000000','RR/MM/DD HH24:MI:SSXFF'),'pandapanda',234);
Insert into BLUEWAVE.CHAL_BOARD_TBL (C_BOARD_NO,C_BOARD_TITLE,C_BOARD_CONTENT,C_BOARD_FILE_NAME,C_BOARD_FILE_RENAME,C_BOARD_FILE_PATH,C_BOARD_FILE_LENGTH,C_BOARD_DATE,C_BOARD_UPDATE_DATE,C_BOARD_WRITER,CHAL_NO) values (180,'29번째 챌린지 게시물','29번째 챌린지 게시물입니다.','admin-img.png','admin-img.png','../resources/cuploadFiles/admin-img.png',0,to_timestamp('23/09/22 17:09:42.096000000','RR/MM/DD HH24:MI:SSXFF'),to_timestamp('23/09/22 17:09:42.096000000','RR/MM/DD HH24:MI:SSXFF'),'pandapanda',234);
Insert into BLUEWAVE.CHAL_BOARD_TBL (C_BOARD_NO,C_BOARD_TITLE,C_BOARD_CONTENT,C_BOARD_FILE_NAME,C_BOARD_FILE_RENAME,C_BOARD_FILE_PATH,C_BOARD_FILE_LENGTH,C_BOARD_DATE,C_BOARD_UPDATE_DATE,C_BOARD_WRITER,CHAL_NO) values (181,'30번째 챌린지 게시물','30번째 챌린지 게시물입니다.','admin-img.png','admin-img.png','../resources/cuploadFiles/admin-img.png',0,to_timestamp('23/09/22 17:09:42.096000000','RR/MM/DD HH24:MI:SSXFF'),to_timestamp('23/09/22 17:09:42.096000000','RR/MM/DD HH24:MI:SSXFF'),'pandapanda',234);
Insert into BLUEWAVE.CHAL_BOARD_TBL (C_BOARD_NO,C_BOARD_TITLE,C_BOARD_CONTENT,C_BOARD_FILE_NAME,C_BOARD_FILE_RENAME,C_BOARD_FILE_PATH,C_BOARD_FILE_LENGTH,C_BOARD_DATE,C_BOARD_UPDATE_DATE,C_BOARD_WRITER,CHAL_NO) values (182,'31번째 챌린지 게시물','31번째 챌린지 게시물입니다.','admin-img.png','admin-img.png','../resources/cuploadFiles/admin-img.png',0,to_timestamp('23/09/22 17:09:42.096000000','RR/MM/DD HH24:MI:SSXFF'),to_timestamp('23/09/22 17:09:42.096000000','RR/MM/DD HH24:MI:SSXFF'),'pandapanda',234);
Insert into BLUEWAVE.CHAL_BOARD_TBL (C_BOARD_NO,C_BOARD_TITLE,C_BOARD_CONTENT,C_BOARD_FILE_NAME,C_BOARD_FILE_RENAME,C_BOARD_FILE_PATH,C_BOARD_FILE_LENGTH,C_BOARD_DATE,C_BOARD_UPDATE_DATE,C_BOARD_WRITER,CHAL_NO) values (183,'32번째 챌린지 게시물','32번째 챌린지 게시물입니다.','admin-img.png','admin-img.png','../resources/cuploadFiles/admin-img.png',0,to_timestamp('23/09/22 17:09:42.096000000','RR/MM/DD HH24:MI:SSXFF'),to_timestamp('23/09/22 17:09:42.096000000','RR/MM/DD HH24:MI:SSXFF'),'pandapanda',234);
Insert into BLUEWAVE.CHAL_BOARD_TBL (C_BOARD_NO,C_BOARD_TITLE,C_BOARD_CONTENT,C_BOARD_FILE_NAME,C_BOARD_FILE_RENAME,C_BOARD_FILE_PATH,C_BOARD_FILE_LENGTH,C_BOARD_DATE,C_BOARD_UPDATE_DATE,C_BOARD_WRITER,CHAL_NO) values (184,'33번째 챌린지 게시물','33번째 챌린지 게시물입니다.','admin-img.png','admin-img.png','../resources/cuploadFiles/admin-img.png',0,to_timestamp('23/09/22 17:09:42.096000000','RR/MM/DD HH24:MI:SSXFF'),to_timestamp('23/09/22 17:09:42.096000000','RR/MM/DD HH24:MI:SSXFF'),'pandapanda',234);
Insert into BLUEWAVE.CHAL_BOARD_TBL (C_BOARD_NO,C_BOARD_TITLE,C_BOARD_CONTENT,C_BOARD_FILE_NAME,C_BOARD_FILE_RENAME,C_BOARD_FILE_PATH,C_BOARD_FILE_LENGTH,C_BOARD_DATE,C_BOARD_UPDATE_DATE,C_BOARD_WRITER,CHAL_NO) values (185,'34번째 챌린지 게시물','34번째 챌린지 게시물입니다.','admin-img.png','admin-img.png','../resources/cuploadFiles/admin-img.png',0,to_timestamp('23/09/22 17:09:42.096000000','RR/MM/DD HH24:MI:SSXFF'),to_timestamp('23/09/22 17:09:42.096000000','RR/MM/DD HH24:MI:SSXFF'),'pandapanda',234);
Insert into BLUEWAVE.CHAL_BOARD_TBL (C_BOARD_NO,C_BOARD_TITLE,C_BOARD_CONTENT,C_BOARD_FILE_NAME,C_BOARD_FILE_RENAME,C_BOARD_FILE_PATH,C_BOARD_FILE_LENGTH,C_BOARD_DATE,C_BOARD_UPDATE_DATE,C_BOARD_WRITER,CHAL_NO) values (186,'35번째 챌린지 게시물','35번째 챌린지 게시물입니다.','admin-img.png','admin-img.png','../resources/cuploadFiles/admin-img.png',0,to_timestamp('23/09/22 17:09:42.096000000','RR/MM/DD HH24:MI:SSXFF'),to_timestamp('23/09/22 17:09:42.096000000','RR/MM/DD HH24:MI:SSXFF'),'pandapanda',234);
Insert into BLUEWAVE.CHAL_BOARD_TBL (C_BOARD_NO,C_BOARD_TITLE,C_BOARD_CONTENT,C_BOARD_FILE_NAME,C_BOARD_FILE_RENAME,C_BOARD_FILE_PATH,C_BOARD_FILE_LENGTH,C_BOARD_DATE,C_BOARD_UPDATE_DATE,C_BOARD_WRITER,CHAL_NO) values (187,'36번째 챌린지 게시물','36번째 챌린지 게시물입니다.','admin-img.png','admin-img.png','../resources/cuploadFiles/admin-img.png',0,to_timestamp('23/09/22 17:09:42.096000000','RR/MM/DD HH24:MI:SSXFF'),to_timestamp('23/09/22 17:09:42.096000000','RR/MM/DD HH24:MI:SSXFF'),'pandapanda',234);
Insert into BLUEWAVE.CHAL_BOARD_TBL (C_BOARD_NO,C_BOARD_TITLE,C_BOARD_CONTENT,C_BOARD_FILE_NAME,C_BOARD_FILE_RENAME,C_BOARD_FILE_PATH,C_BOARD_FILE_LENGTH,C_BOARD_DATE,C_BOARD_UPDATE_DATE,C_BOARD_WRITER,CHAL_NO) values (188,'37번째 챌린지 게시물','37번째 챌린지 게시물입니다.','admin-img.png','admin-img.png','../resources/cuploadFiles/admin-img.png',0,to_timestamp('23/09/22 17:09:42.096000000','RR/MM/DD HH24:MI:SSXFF'),to_timestamp('23/09/22 17:09:42.096000000','RR/MM/DD HH24:MI:SSXFF'),'pandapanda',234);
Insert into BLUEWAVE.CHAL_BOARD_TBL (C_BOARD_NO,C_BOARD_TITLE,C_BOARD_CONTENT,C_BOARD_FILE_NAME,C_BOARD_FILE_RENAME,C_BOARD_FILE_PATH,C_BOARD_FILE_LENGTH,C_BOARD_DATE,C_BOARD_UPDATE_DATE,C_BOARD_WRITER,CHAL_NO) values (189,'38번째 챌린지 게시물','38번째 챌린지 게시물입니다.','admin-img.png','admin-img.png','../resources/cuploadFiles/admin-img.png',0,to_timestamp('23/09/22 17:09:42.096000000','RR/MM/DD HH24:MI:SSXFF'),to_timestamp('23/09/22 17:09:42.096000000','RR/MM/DD HH24:MI:SSXFF'),'pandapanda',234);
Insert into BLUEWAVE.CHAL_BOARD_TBL (C_BOARD_NO,C_BOARD_TITLE,C_BOARD_CONTENT,C_BOARD_FILE_NAME,C_BOARD_FILE_RENAME,C_BOARD_FILE_PATH,C_BOARD_FILE_LENGTH,C_BOARD_DATE,C_BOARD_UPDATE_DATE,C_BOARD_WRITER,CHAL_NO) values (190,'39번째 챌린지 게시물','39번째 챌린지 게시물입니다.','admin-img.png','admin-img.png','../resources/cuploadFiles/admin-img.png',0,to_timestamp('23/09/22 17:09:42.096000000','RR/MM/DD HH24:MI:SSXFF'),to_timestamp('23/09/22 17:09:42.096000000','RR/MM/DD HH24:MI:SSXFF'),'pandapanda',234);
Insert into BLUEWAVE.CHAL_BOARD_TBL (C_BOARD_NO,C_BOARD_TITLE,C_BOARD_CONTENT,C_BOARD_FILE_NAME,C_BOARD_FILE_RENAME,C_BOARD_FILE_PATH,C_BOARD_FILE_LENGTH,C_BOARD_DATE,C_BOARD_UPDATE_DATE,C_BOARD_WRITER,CHAL_NO) values (191,'40번째 챌린지 게시물','40번째 챌린지 게시물입니다.','admin-img.png','admin-img.png','../resources/cuploadFiles/admin-img.png',0,to_timestamp('23/09/22 17:09:42.096000000','RR/MM/DD HH24:MI:SSXFF'),to_timestamp('23/09/22 17:09:42.096000000','RR/MM/DD HH24:MI:SSXFF'),'pandapanda',234);
Insert into BLUEWAVE.CHAL_BOARD_TBL (C_BOARD_NO,C_BOARD_TITLE,C_BOARD_CONTENT,C_BOARD_FILE_NAME,C_BOARD_FILE_RENAME,C_BOARD_FILE_PATH,C_BOARD_FILE_LENGTH,C_BOARD_DATE,C_BOARD_UPDATE_DATE,C_BOARD_WRITER,CHAL_NO) values (192,'41번째 챌린지 게시물','41번째 챌린지 게시물입니다.','admin-img.png','admin-img.png','../resources/cuploadFiles/admin-img.png',0,to_timestamp('23/09/22 17:09:42.096000000','RR/MM/DD HH24:MI:SSXFF'),to_timestamp('23/09/22 17:09:42.096000000','RR/MM/DD HH24:MI:SSXFF'),'pandapanda',234);
Insert into BLUEWAVE.CHAL_BOARD_TBL (C_BOARD_NO,C_BOARD_TITLE,C_BOARD_CONTENT,C_BOARD_FILE_NAME,C_BOARD_FILE_RENAME,C_BOARD_FILE_PATH,C_BOARD_FILE_LENGTH,C_BOARD_DATE,C_BOARD_UPDATE_DATE,C_BOARD_WRITER,CHAL_NO) values (193,'42번째 챌린지 게시물','42번째 챌린지 게시물입니다.','admin-img.png','admin-img.png','../resources/cuploadFiles/admin-img.png',0,to_timestamp('23/09/22 17:09:42.096000000','RR/MM/DD HH24:MI:SSXFF'),to_timestamp('23/09/22 17:09:42.096000000','RR/MM/DD HH24:MI:SSXFF'),'pandapanda',234);
Insert into BLUEWAVE.CHAL_BOARD_TBL (C_BOARD_NO,C_BOARD_TITLE,C_BOARD_CONTENT,C_BOARD_FILE_NAME,C_BOARD_FILE_RENAME,C_BOARD_FILE_PATH,C_BOARD_FILE_LENGTH,C_BOARD_DATE,C_BOARD_UPDATE_DATE,C_BOARD_WRITER,CHAL_NO) values (194,'43번째 챌린지 게시물','43번째 챌린지 게시물입니다.','admin-img.png','admin-img.png','../resources/cuploadFiles/admin-img.png',0,to_timestamp('23/09/22 17:09:42.096000000','RR/MM/DD HH24:MI:SSXFF'),to_timestamp('23/09/22 17:09:42.096000000','RR/MM/DD HH24:MI:SSXFF'),'pandapanda',234);
Insert into BLUEWAVE.CHAL_BOARD_TBL (C_BOARD_NO,C_BOARD_TITLE,C_BOARD_CONTENT,C_BOARD_FILE_NAME,C_BOARD_FILE_RENAME,C_BOARD_FILE_PATH,C_BOARD_FILE_LENGTH,C_BOARD_DATE,C_BOARD_UPDATE_DATE,C_BOARD_WRITER,CHAL_NO) values (195,'44번째 챌린지 게시물','44번째 챌린지 게시물입니다.','admin-img.png','admin-img.png','../resources/cuploadFiles/admin-img.png',0,to_timestamp('23/09/22 17:09:42.096000000','RR/MM/DD HH24:MI:SSXFF'),to_timestamp('23/09/22 17:09:42.096000000','RR/MM/DD HH24:MI:SSXFF'),'pandapanda',234);
Insert into BLUEWAVE.CHAL_BOARD_TBL (C_BOARD_NO,C_BOARD_TITLE,C_BOARD_CONTENT,C_BOARD_FILE_NAME,C_BOARD_FILE_RENAME,C_BOARD_FILE_PATH,C_BOARD_FILE_LENGTH,C_BOARD_DATE,C_BOARD_UPDATE_DATE,C_BOARD_WRITER,CHAL_NO) values (196,'45번째 챌린지 게시물','45번째 챌린지 게시물입니다.','admin-img.png','admin-img.png','../resources/cuploadFiles/admin-img.png',0,to_timestamp('23/09/22 17:09:42.096000000','RR/MM/DD HH24:MI:SSXFF'),to_timestamp('23/09/22 17:09:42.096000000','RR/MM/DD HH24:MI:SSXFF'),'pandapanda',234);
Insert into BLUEWAVE.CHAL_BOARD_TBL (C_BOARD_NO,C_BOARD_TITLE,C_BOARD_CONTENT,C_BOARD_FILE_NAME,C_BOARD_FILE_RENAME,C_BOARD_FILE_PATH,C_BOARD_FILE_LENGTH,C_BOARD_DATE,C_BOARD_UPDATE_DATE,C_BOARD_WRITER,CHAL_NO) values (197,'46번째 챌린지 게시물','46번째 챌린지 게시물입니다.','admin-img.png','admin-img.png','../resources/cuploadFiles/admin-img.png',0,to_timestamp('23/09/22 17:09:42.096000000','RR/MM/DD HH24:MI:SSXFF'),to_timestamp('23/09/22 17:09:42.096000000','RR/MM/DD HH24:MI:SSXFF'),'pandapanda',234);
Insert into BLUEWAVE.CHAL_BOARD_TBL (C_BOARD_NO,C_BOARD_TITLE,C_BOARD_CONTENT,C_BOARD_FILE_NAME,C_BOARD_FILE_RENAME,C_BOARD_FILE_PATH,C_BOARD_FILE_LENGTH,C_BOARD_DATE,C_BOARD_UPDATE_DATE,C_BOARD_WRITER,CHAL_NO) values (198,'47번째 챌린지 게시물','47번째 챌린지 게시물입니다.','admin-img.png','admin-img.png','../resources/cuploadFiles/admin-img.png',0,to_timestamp('23/09/22 17:09:42.096000000','RR/MM/DD HH24:MI:SSXFF'),to_timestamp('23/09/22 17:09:42.096000000','RR/MM/DD HH24:MI:SSXFF'),'pandapanda',234);
Insert into BLUEWAVE.CHAL_BOARD_TBL (C_BOARD_NO,C_BOARD_TITLE,C_BOARD_CONTENT,C_BOARD_FILE_NAME,C_BOARD_FILE_RENAME,C_BOARD_FILE_PATH,C_BOARD_FILE_LENGTH,C_BOARD_DATE,C_BOARD_UPDATE_DATE,C_BOARD_WRITER,CHAL_NO) values (199,'48번째 챌린지 게시물','48번째 챌린지 게시물입니다.','admin-img.png','admin-img.png','../resources/cuploadFiles/admin-img.png',0,to_timestamp('23/09/22 17:09:42.096000000','RR/MM/DD HH24:MI:SSXFF'),to_timestamp('23/09/22 17:09:42.096000000','RR/MM/DD HH24:MI:SSXFF'),'pandapanda',234);
Insert into BLUEWAVE.CHAL_BOARD_TBL (C_BOARD_NO,C_BOARD_TITLE,C_BOARD_CONTENT,C_BOARD_FILE_NAME,C_BOARD_FILE_RENAME,C_BOARD_FILE_PATH,C_BOARD_FILE_LENGTH,C_BOARD_DATE,C_BOARD_UPDATE_DATE,C_BOARD_WRITER,CHAL_NO) values (200,'49번째 챌린지 게시물','49번째 챌린지 게시물입니다.','admin-img.png','admin-img.png','../resources/cuploadFiles/admin-img.png',0,to_timestamp('23/09/22 17:09:42.096000000','RR/MM/DD HH24:MI:SSXFF'),to_timestamp('23/09/22 17:09:42.096000000','RR/MM/DD HH24:MI:SSXFF'),'pandapanda',234);
Insert into BLUEWAVE.CHAL_BOARD_TBL (C_BOARD_NO,C_BOARD_TITLE,C_BOARD_CONTENT,C_BOARD_FILE_NAME,C_BOARD_FILE_RENAME,C_BOARD_FILE_PATH,C_BOARD_FILE_LENGTH,C_BOARD_DATE,C_BOARD_UPDATE_DATE,C_BOARD_WRITER,CHAL_NO) values (201,'50번째 챌린지 게시물','50번째 챌린지 게시물입니다.','admin-img.png','admin-img.png','../resources/cuploadFiles/admin-img.png',0,to_timestamp('23/09/22 17:09:42.096000000','RR/MM/DD HH24:MI:SSXFF'),to_timestamp('23/09/22 17:09:42.096000000','RR/MM/DD HH24:MI:SSXFF'),'pandapanda',234);
Insert into BLUEWAVE.CHAL_BOARD_TBL (C_BOARD_NO,C_BOARD_TITLE,C_BOARD_CONTENT,C_BOARD_FILE_NAME,C_BOARD_FILE_RENAME,C_BOARD_FILE_PATH,C_BOARD_FILE_LENGTH,C_BOARD_DATE,C_BOARD_UPDATE_DATE,C_BOARD_WRITER,CHAL_NO) values (202,'51번째 챌린지 게시물','51번째 챌린지 게시물입니다.','admin-img.png','admin-img.png','../resources/cuploadFiles/admin-img.png',0,to_timestamp('23/09/22 17:09:42.096000000','RR/MM/DD HH24:MI:SSXFF'),to_timestamp('23/09/22 17:09:42.096000000','RR/MM/DD HH24:MI:SSXFF'),'pandapanda',234);
Insert into BLUEWAVE.CHAL_BOARD_TBL (C_BOARD_NO,C_BOARD_TITLE,C_BOARD_CONTENT,C_BOARD_FILE_NAME,C_BOARD_FILE_RENAME,C_BOARD_FILE_PATH,C_BOARD_FILE_LENGTH,C_BOARD_DATE,C_BOARD_UPDATE_DATE,C_BOARD_WRITER,CHAL_NO) values (203,'52번째 챌린지 게시물','52번째 챌린지 게시물입니다.','admin-img.png','admin-img.png','../resources/cuploadFiles/admin-img.png',0,to_timestamp('23/09/22 17:09:42.096000000','RR/MM/DD HH24:MI:SSXFF'),to_timestamp('23/09/22 17:09:42.096000000','RR/MM/DD HH24:MI:SSXFF'),'pandapanda',234);
Insert into BLUEWAVE.CHAL_BOARD_TBL (C_BOARD_NO,C_BOARD_TITLE,C_BOARD_CONTENT,C_BOARD_FILE_NAME,C_BOARD_FILE_RENAME,C_BOARD_FILE_PATH,C_BOARD_FILE_LENGTH,C_BOARD_DATE,C_BOARD_UPDATE_DATE,C_BOARD_WRITER,CHAL_NO) values (204,'53번째 챌린지 게시물','53번째 챌린지 게시물입니다.','admin-img.png','admin-img.png','../resources/cuploadFiles/admin-img.png',0,to_timestamp('23/09/22 17:09:42.096000000','RR/MM/DD HH24:MI:SSXFF'),to_timestamp('23/09/22 17:09:42.096000000','RR/MM/DD HH24:MI:SSXFF'),'pandapanda',234);
Insert into BLUEWAVE.CHAL_BOARD_TBL (C_BOARD_NO,C_BOARD_TITLE,C_BOARD_CONTENT,C_BOARD_FILE_NAME,C_BOARD_FILE_RENAME,C_BOARD_FILE_PATH,C_BOARD_FILE_LENGTH,C_BOARD_DATE,C_BOARD_UPDATE_DATE,C_BOARD_WRITER,CHAL_NO) values (205,'54번째 챌린지 게시물','54번째 챌린지 게시물입니다.','admin-img.png','admin-img.png','../resources/cuploadFiles/admin-img.png',0,to_timestamp('23/09/22 17:09:42.096000000','RR/MM/DD HH24:MI:SSXFF'),to_timestamp('23/09/22 17:09:42.096000000','RR/MM/DD HH24:MI:SSXFF'),'pandapanda',234);
Insert into BLUEWAVE.CHAL_BOARD_TBL (C_BOARD_NO,C_BOARD_TITLE,C_BOARD_CONTENT,C_BOARD_FILE_NAME,C_BOARD_FILE_RENAME,C_BOARD_FILE_PATH,C_BOARD_FILE_LENGTH,C_BOARD_DATE,C_BOARD_UPDATE_DATE,C_BOARD_WRITER,CHAL_NO) values (206,'55번째 챌린지 게시물','55번째 챌린지 게시물입니다.','admin-img.png','admin-img.png','../resources/cuploadFiles/admin-img.png',0,to_timestamp('23/09/22 17:09:42.096000000','RR/MM/DD HH24:MI:SSXFF'),to_timestamp('23/09/22 17:09:42.096000000','RR/MM/DD HH24:MI:SSXFF'),'pandapanda',234);
Insert into BLUEWAVE.CHAL_BOARD_TBL (C_BOARD_NO,C_BOARD_TITLE,C_BOARD_CONTENT,C_BOARD_FILE_NAME,C_BOARD_FILE_RENAME,C_BOARD_FILE_PATH,C_BOARD_FILE_LENGTH,C_BOARD_DATE,C_BOARD_UPDATE_DATE,C_BOARD_WRITER,CHAL_NO) values (207,'56번째 챌린지 게시물','56번째 챌린지 게시물입니다.','admin-img.png','admin-img.png','../resources/cuploadFiles/admin-img.png',0,to_timestamp('23/09/22 17:09:42.096000000','RR/MM/DD HH24:MI:SSXFF'),to_timestamp('23/09/22 17:09:42.096000000','RR/MM/DD HH24:MI:SSXFF'),'pandapanda',234);
Insert into BLUEWAVE.CHAL_BOARD_TBL (C_BOARD_NO,C_BOARD_TITLE,C_BOARD_CONTENT,C_BOARD_FILE_NAME,C_BOARD_FILE_RENAME,C_BOARD_FILE_PATH,C_BOARD_FILE_LENGTH,C_BOARD_DATE,C_BOARD_UPDATE_DATE,C_BOARD_WRITER,CHAL_NO) values (208,'1번째 챌린지 게시물','1번째 챌린지 게시물입니다.','admin-img.png','admin-img.png','../resources/cuploadFiles/admin-img.png',0,to_timestamp('23/09/22 17:10:13.327000000','RR/MM/DD HH24:MI:SSXFF'),to_timestamp('23/09/22 17:10:13.327000000','RR/MM/DD HH24:MI:SSXFF'),'pandapanda',235);
Insert into BLUEWAVE.CHAL_BOARD_TBL (C_BOARD_NO,C_BOARD_TITLE,C_BOARD_CONTENT,C_BOARD_FILE_NAME,C_BOARD_FILE_RENAME,C_BOARD_FILE_PATH,C_BOARD_FILE_LENGTH,C_BOARD_DATE,C_BOARD_UPDATE_DATE,C_BOARD_WRITER,CHAL_NO) values (209,'2번째 챌린지 게시물','2번째 챌린지 게시물입니다.','admin-img.png','admin-img.png','../resources/cuploadFiles/admin-img.png',0,to_timestamp('23/09/22 17:10:13.327000000','RR/MM/DD HH24:MI:SSXFF'),to_timestamp('23/09/22 17:10:13.327000000','RR/MM/DD HH24:MI:SSXFF'),'pandapanda',235);
Insert into BLUEWAVE.CHAL_BOARD_TBL (C_BOARD_NO,C_BOARD_TITLE,C_BOARD_CONTENT,C_BOARD_FILE_NAME,C_BOARD_FILE_RENAME,C_BOARD_FILE_PATH,C_BOARD_FILE_LENGTH,C_BOARD_DATE,C_BOARD_UPDATE_DATE,C_BOARD_WRITER,CHAL_NO) values (210,'3번째 챌린지 게시물','3번째 챌린지 게시물입니다.','admin-img.png','admin-img.png','../resources/cuploadFiles/admin-img.png',0,to_timestamp('23/09/22 17:10:13.327000000','RR/MM/DD HH24:MI:SSXFF'),to_timestamp('23/09/22 17:10:13.327000000','RR/MM/DD HH24:MI:SSXFF'),'pandapanda',235);
Insert into BLUEWAVE.CHAL_BOARD_TBL (C_BOARD_NO,C_BOARD_TITLE,C_BOARD_CONTENT,C_BOARD_FILE_NAME,C_BOARD_FILE_RENAME,C_BOARD_FILE_PATH,C_BOARD_FILE_LENGTH,C_BOARD_DATE,C_BOARD_UPDATE_DATE,C_BOARD_WRITER,CHAL_NO) values (211,'4번째 챌린지 게시물','4번째 챌린지 게시물입니다.','admin-img.png','admin-img.png','../resources/cuploadFiles/admin-img.png',0,to_timestamp('23/09/22 17:10:13.327000000','RR/MM/DD HH24:MI:SSXFF'),to_timestamp('23/09/22 17:10:13.327000000','RR/MM/DD HH24:MI:SSXFF'),'pandapanda',235);
Insert into BLUEWAVE.CHAL_BOARD_TBL (C_BOARD_NO,C_BOARD_TITLE,C_BOARD_CONTENT,C_BOARD_FILE_NAME,C_BOARD_FILE_RENAME,C_BOARD_FILE_PATH,C_BOARD_FILE_LENGTH,C_BOARD_DATE,C_BOARD_UPDATE_DATE,C_BOARD_WRITER,CHAL_NO) values (212,'5번째 챌린지 게시물','5번째 챌린지 게시물입니다.','admin-img.png','admin-img.png','../resources/cuploadFiles/admin-img.png',0,to_timestamp('23/09/22 17:10:13.327000000','RR/MM/DD HH24:MI:SSXFF'),to_timestamp('23/09/22 17:10:13.327000000','RR/MM/DD HH24:MI:SSXFF'),'pandapanda',235);
Insert into BLUEWAVE.CHAL_BOARD_TBL (C_BOARD_NO,C_BOARD_TITLE,C_BOARD_CONTENT,C_BOARD_FILE_NAME,C_BOARD_FILE_RENAME,C_BOARD_FILE_PATH,C_BOARD_FILE_LENGTH,C_BOARD_DATE,C_BOARD_UPDATE_DATE,C_BOARD_WRITER,CHAL_NO) values (213,'6번째 챌린지 게시물','6번째 챌린지 게시물입니다.','admin-img.png','admin-img.png','../resources/cuploadFiles/admin-img.png',0,to_timestamp('23/09/22 17:10:13.327000000','RR/MM/DD HH24:MI:SSXFF'),to_timestamp('23/09/22 17:10:13.327000000','RR/MM/DD HH24:MI:SSXFF'),'pandapanda',235);
Insert into BLUEWAVE.CHAL_BOARD_TBL (C_BOARD_NO,C_BOARD_TITLE,C_BOARD_CONTENT,C_BOARD_FILE_NAME,C_BOARD_FILE_RENAME,C_BOARD_FILE_PATH,C_BOARD_FILE_LENGTH,C_BOARD_DATE,C_BOARD_UPDATE_DATE,C_BOARD_WRITER,CHAL_NO) values (214,'7번째 챌린지 게시물','7번째 챌린지 게시물입니다.','admin-img.png','admin-img.png','../resources/cuploadFiles/admin-img.png',0,to_timestamp('23/09/22 17:10:13.327000000','RR/MM/DD HH24:MI:SSXFF'),to_timestamp('23/09/22 17:10:13.327000000','RR/MM/DD HH24:MI:SSXFF'),'pandapanda',235);
Insert into BLUEWAVE.CHAL_BOARD_TBL (C_BOARD_NO,C_BOARD_TITLE,C_BOARD_CONTENT,C_BOARD_FILE_NAME,C_BOARD_FILE_RENAME,C_BOARD_FILE_PATH,C_BOARD_FILE_LENGTH,C_BOARD_DATE,C_BOARD_UPDATE_DATE,C_BOARD_WRITER,CHAL_NO) values (215,'8번째 챌린지 게시물','8번째 챌린지 게시물입니다.','admin-img.png','admin-img.png','../resources/cuploadFiles/admin-img.png',0,to_timestamp('23/09/22 17:10:13.327000000','RR/MM/DD HH24:MI:SSXFF'),to_timestamp('23/09/22 17:10:13.327000000','RR/MM/DD HH24:MI:SSXFF'),'pandapanda',235);
Insert into BLUEWAVE.CHAL_BOARD_TBL (C_BOARD_NO,C_BOARD_TITLE,C_BOARD_CONTENT,C_BOARD_FILE_NAME,C_BOARD_FILE_RENAME,C_BOARD_FILE_PATH,C_BOARD_FILE_LENGTH,C_BOARD_DATE,C_BOARD_UPDATE_DATE,C_BOARD_WRITER,CHAL_NO) values (216,'9번째 챌린지 게시물','9번째 챌린지 게시물입니다.','admin-img.png','admin-img.png','../resources/cuploadFiles/admin-img.png',0,to_timestamp('23/09/22 17:10:13.327000000','RR/MM/DD HH24:MI:SSXFF'),to_timestamp('23/09/22 17:10:13.327000000','RR/MM/DD HH24:MI:SSXFF'),'pandapanda',235);
Insert into BLUEWAVE.CHAL_BOARD_TBL (C_BOARD_NO,C_BOARD_TITLE,C_BOARD_CONTENT,C_BOARD_FILE_NAME,C_BOARD_FILE_RENAME,C_BOARD_FILE_PATH,C_BOARD_FILE_LENGTH,C_BOARD_DATE,C_BOARD_UPDATE_DATE,C_BOARD_WRITER,CHAL_NO) values (217,'10번째 챌린지 게시물','10번째 챌린지 게시물입니다.','admin-img.png','admin-img.png','../resources/cuploadFiles/admin-img.png',0,to_timestamp('23/09/22 17:10:13.327000000','RR/MM/DD HH24:MI:SSXFF'),to_timestamp('23/09/22 17:10:13.327000000','RR/MM/DD HH24:MI:SSXFF'),'pandapanda',235);
Insert into BLUEWAVE.CHAL_BOARD_TBL (C_BOARD_NO,C_BOARD_TITLE,C_BOARD_CONTENT,C_BOARD_FILE_NAME,C_BOARD_FILE_RENAME,C_BOARD_FILE_PATH,C_BOARD_FILE_LENGTH,C_BOARD_DATE,C_BOARD_UPDATE_DATE,C_BOARD_WRITER,CHAL_NO) values (218,'11번째 챌린지 게시물','11번째 챌린지 게시물입니다.','admin-img.png','admin-img.png','../resources/cuploadFiles/admin-img.png',0,to_timestamp('23/09/22 17:10:13.327000000','RR/MM/DD HH24:MI:SSXFF'),to_timestamp('23/09/22 17:10:13.327000000','RR/MM/DD HH24:MI:SSXFF'),'pandapanda',235);
Insert into BLUEWAVE.CHAL_BOARD_TBL (C_BOARD_NO,C_BOARD_TITLE,C_BOARD_CONTENT,C_BOARD_FILE_NAME,C_BOARD_FILE_RENAME,C_BOARD_FILE_PATH,C_BOARD_FILE_LENGTH,C_BOARD_DATE,C_BOARD_UPDATE_DATE,C_BOARD_WRITER,CHAL_NO) values (219,'12번째 챌린지 게시물','12번째 챌린지 게시물입니다.','admin-img.png','admin-img.png','../resources/cuploadFiles/admin-img.png',0,to_timestamp('23/09/22 17:10:13.327000000','RR/MM/DD HH24:MI:SSXFF'),to_timestamp('23/09/22 17:10:13.327000000','RR/MM/DD HH24:MI:SSXFF'),'pandapanda',235);
Insert into BLUEWAVE.CHAL_BOARD_TBL (C_BOARD_NO,C_BOARD_TITLE,C_BOARD_CONTENT,C_BOARD_FILE_NAME,C_BOARD_FILE_RENAME,C_BOARD_FILE_PATH,C_BOARD_FILE_LENGTH,C_BOARD_DATE,C_BOARD_UPDATE_DATE,C_BOARD_WRITER,CHAL_NO) values (220,'13번째 챌린지 게시물','13번째 챌린지 게시물입니다.','admin-img.png','admin-img.png','../resources/cuploadFiles/admin-img.png',0,to_timestamp('23/09/22 17:10:13.327000000','RR/MM/DD HH24:MI:SSXFF'),to_timestamp('23/09/22 17:10:13.327000000','RR/MM/DD HH24:MI:SSXFF'),'pandapanda',235);
Insert into BLUEWAVE.CHAL_BOARD_TBL (C_BOARD_NO,C_BOARD_TITLE,C_BOARD_CONTENT,C_BOARD_FILE_NAME,C_BOARD_FILE_RENAME,C_BOARD_FILE_PATH,C_BOARD_FILE_LENGTH,C_BOARD_DATE,C_BOARD_UPDATE_DATE,C_BOARD_WRITER,CHAL_NO) values (221,'14번째 챌린지 게시물','14번째 챌린지 게시물입니다.','admin-img.png','admin-img.png','../resources/cuploadFiles/admin-img.png',0,to_timestamp('23/09/22 17:10:13.327000000','RR/MM/DD HH24:MI:SSXFF'),to_timestamp('23/09/22 17:10:13.327000000','RR/MM/DD HH24:MI:SSXFF'),'pandapanda',235);
Insert into BLUEWAVE.CHAL_BOARD_TBL (C_BOARD_NO,C_BOARD_TITLE,C_BOARD_CONTENT,C_BOARD_FILE_NAME,C_BOARD_FILE_RENAME,C_BOARD_FILE_PATH,C_BOARD_FILE_LENGTH,C_BOARD_DATE,C_BOARD_UPDATE_DATE,C_BOARD_WRITER,CHAL_NO) values (222,'15번째 챌린지 게시물','15번째 챌린지 게시물입니다.','admin-img.png','admin-img.png','../resources/cuploadFiles/admin-img.png',0,to_timestamp('23/09/22 17:10:13.327000000','RR/MM/DD HH24:MI:SSXFF'),to_timestamp('23/09/22 17:10:13.327000000','RR/MM/DD HH24:MI:SSXFF'),'pandapanda',235);
Insert into BLUEWAVE.CHAL_BOARD_TBL (C_BOARD_NO,C_BOARD_TITLE,C_BOARD_CONTENT,C_BOARD_FILE_NAME,C_BOARD_FILE_RENAME,C_BOARD_FILE_PATH,C_BOARD_FILE_LENGTH,C_BOARD_DATE,C_BOARD_UPDATE_DATE,C_BOARD_WRITER,CHAL_NO) values (223,'16번째 챌린지 게시물','16번째 챌린지 게시물입니다.','admin-img.png','admin-img.png','../resources/cuploadFiles/admin-img.png',0,to_timestamp('23/09/22 17:10:13.327000000','RR/MM/DD HH24:MI:SSXFF'),to_timestamp('23/09/22 17:10:13.327000000','RR/MM/DD HH24:MI:SSXFF'),'pandapanda',235);
Insert into BLUEWAVE.CHAL_BOARD_TBL (C_BOARD_NO,C_BOARD_TITLE,C_BOARD_CONTENT,C_BOARD_FILE_NAME,C_BOARD_FILE_RENAME,C_BOARD_FILE_PATH,C_BOARD_FILE_LENGTH,C_BOARD_DATE,C_BOARD_UPDATE_DATE,C_BOARD_WRITER,CHAL_NO) values (224,'17번째 챌린지 게시물','17번째 챌린지 게시물입니다.','admin-img.png','admin-img.png','../resources/cuploadFiles/admin-img.png',0,to_timestamp('23/09/22 17:10:13.327000000','RR/MM/DD HH24:MI:SSXFF'),to_timestamp('23/09/22 17:10:13.327000000','RR/MM/DD HH24:MI:SSXFF'),'pandapanda',235);
Insert into BLUEWAVE.CHAL_BOARD_TBL (C_BOARD_NO,C_BOARD_TITLE,C_BOARD_CONTENT,C_BOARD_FILE_NAME,C_BOARD_FILE_RENAME,C_BOARD_FILE_PATH,C_BOARD_FILE_LENGTH,C_BOARD_DATE,C_BOARD_UPDATE_DATE,C_BOARD_WRITER,CHAL_NO) values (225,'18번째 챌린지 게시물','18번째 챌린지 게시물입니다.','admin-img.png','admin-img.png','../resources/cuploadFiles/admin-img.png',0,to_timestamp('23/09/22 17:10:13.327000000','RR/MM/DD HH24:MI:SSXFF'),to_timestamp('23/09/22 17:10:13.327000000','RR/MM/DD HH24:MI:SSXFF'),'pandapanda',235);
Insert into BLUEWAVE.CHAL_BOARD_TBL (C_BOARD_NO,C_BOARD_TITLE,C_BOARD_CONTENT,C_BOARD_FILE_NAME,C_BOARD_FILE_RENAME,C_BOARD_FILE_PATH,C_BOARD_FILE_LENGTH,C_BOARD_DATE,C_BOARD_UPDATE_DATE,C_BOARD_WRITER,CHAL_NO) values (226,'19번째 챌린지 게시물','19번째 챌린지 게시물입니다.','admin-img.png','admin-img.png','../resources/cuploadFiles/admin-img.png',0,to_timestamp('23/09/22 17:10:13.327000000','RR/MM/DD HH24:MI:SSXFF'),to_timestamp('23/09/22 17:10:13.327000000','RR/MM/DD HH24:MI:SSXFF'),'pandapanda',235);
Insert into BLUEWAVE.CHAL_BOARD_TBL (C_BOARD_NO,C_BOARD_TITLE,C_BOARD_CONTENT,C_BOARD_FILE_NAME,C_BOARD_FILE_RENAME,C_BOARD_FILE_PATH,C_BOARD_FILE_LENGTH,C_BOARD_DATE,C_BOARD_UPDATE_DATE,C_BOARD_WRITER,CHAL_NO) values (227,'20번째 챌린지 게시물','20번째 챌린지 게시물입니다.','admin-img.png','admin-img.png','../resources/cuploadFiles/admin-img.png',0,to_timestamp('23/09/22 17:10:13.327000000','RR/MM/DD HH24:MI:SSXFF'),to_timestamp('23/09/22 17:10:13.327000000','RR/MM/DD HH24:MI:SSXFF'),'pandapanda',235);
Insert into BLUEWAVE.CHAL_BOARD_TBL (C_BOARD_NO,C_BOARD_TITLE,C_BOARD_CONTENT,C_BOARD_FILE_NAME,C_BOARD_FILE_RENAME,C_BOARD_FILE_PATH,C_BOARD_FILE_LENGTH,C_BOARD_DATE,C_BOARD_UPDATE_DATE,C_BOARD_WRITER,CHAL_NO) values (228,'21번째 챌린지 게시물','21번째 챌린지 게시물입니다.','admin-img.png','admin-img.png','../resources/cuploadFiles/admin-img.png',0,to_timestamp('23/09/22 17:10:13.327000000','RR/MM/DD HH24:MI:SSXFF'),to_timestamp('23/09/22 17:10:13.327000000','RR/MM/DD HH24:MI:SSXFF'),'pandapanda',235);
Insert into BLUEWAVE.CHAL_BOARD_TBL (C_BOARD_NO,C_BOARD_TITLE,C_BOARD_CONTENT,C_BOARD_FILE_NAME,C_BOARD_FILE_RENAME,C_BOARD_FILE_PATH,C_BOARD_FILE_LENGTH,C_BOARD_DATE,C_BOARD_UPDATE_DATE,C_BOARD_WRITER,CHAL_NO) values (229,'22번째 챌린지 게시물','22번째 챌린지 게시물입니다.','admin-img.png','admin-img.png','../resources/cuploadFiles/admin-img.png',0,to_timestamp('23/09/22 17:10:13.327000000','RR/MM/DD HH24:MI:SSXFF'),to_timestamp('23/09/22 17:10:13.327000000','RR/MM/DD HH24:MI:SSXFF'),'pandapanda',235);
Insert into BLUEWAVE.CHAL_BOARD_TBL (C_BOARD_NO,C_BOARD_TITLE,C_BOARD_CONTENT,C_BOARD_FILE_NAME,C_BOARD_FILE_RENAME,C_BOARD_FILE_PATH,C_BOARD_FILE_LENGTH,C_BOARD_DATE,C_BOARD_UPDATE_DATE,C_BOARD_WRITER,CHAL_NO) values (230,'23번째 챌린지 게시물','23번째 챌린지 게시물입니다.','admin-img.png','admin-img.png','../resources/cuploadFiles/admin-img.png',0,to_timestamp('23/09/22 17:10:13.327000000','RR/MM/DD HH24:MI:SSXFF'),to_timestamp('23/09/22 17:10:13.327000000','RR/MM/DD HH24:MI:SSXFF'),'pandapanda',235);
Insert into BLUEWAVE.CHAL_BOARD_TBL (C_BOARD_NO,C_BOARD_TITLE,C_BOARD_CONTENT,C_BOARD_FILE_NAME,C_BOARD_FILE_RENAME,C_BOARD_FILE_PATH,C_BOARD_FILE_LENGTH,C_BOARD_DATE,C_BOARD_UPDATE_DATE,C_BOARD_WRITER,CHAL_NO) values (231,'24번째 챌린지 게시물','24번째 챌린지 게시물입니다.','admin-img.png','admin-img.png','../resources/cuploadFiles/admin-img.png',0,to_timestamp('23/09/22 17:10:13.327000000','RR/MM/DD HH24:MI:SSXFF'),to_timestamp('23/09/22 17:10:13.327000000','RR/MM/DD HH24:MI:SSXFF'),'pandapanda',235);
Insert into BLUEWAVE.CHAL_BOARD_TBL (C_BOARD_NO,C_BOARD_TITLE,C_BOARD_CONTENT,C_BOARD_FILE_NAME,C_BOARD_FILE_RENAME,C_BOARD_FILE_PATH,C_BOARD_FILE_LENGTH,C_BOARD_DATE,C_BOARD_UPDATE_DATE,C_BOARD_WRITER,CHAL_NO) values (232,'25번째 챌린지 게시물','25번째 챌린지 게시물입니다.','admin-img.png','admin-img.png','../resources/cuploadFiles/admin-img.png',0,to_timestamp('23/09/22 17:10:13.327000000','RR/MM/DD HH24:MI:SSXFF'),to_timestamp('23/09/22 17:10:13.327000000','RR/MM/DD HH24:MI:SSXFF'),'pandapanda',235);
Insert into BLUEWAVE.CHAL_BOARD_TBL (C_BOARD_NO,C_BOARD_TITLE,C_BOARD_CONTENT,C_BOARD_FILE_NAME,C_BOARD_FILE_RENAME,C_BOARD_FILE_PATH,C_BOARD_FILE_LENGTH,C_BOARD_DATE,C_BOARD_UPDATE_DATE,C_BOARD_WRITER,CHAL_NO) values (233,'26번째 챌린지 게시물','26번째 챌린지 게시물입니다.','admin-img.png','admin-img.png','../resources/cuploadFiles/admin-img.png',0,to_timestamp('23/09/22 17:10:13.327000000','RR/MM/DD HH24:MI:SSXFF'),to_timestamp('23/09/22 17:10:13.327000000','RR/MM/DD HH24:MI:SSXFF'),'pandapanda',235);
Insert into BLUEWAVE.CHAL_BOARD_TBL (C_BOARD_NO,C_BOARD_TITLE,C_BOARD_CONTENT,C_BOARD_FILE_NAME,C_BOARD_FILE_RENAME,C_BOARD_FILE_PATH,C_BOARD_FILE_LENGTH,C_BOARD_DATE,C_BOARD_UPDATE_DATE,C_BOARD_WRITER,CHAL_NO) values (234,'27번째 챌린지 게시물','27번째 챌린지 게시물입니다.','admin-img.png','admin-img.png','../resources/cuploadFiles/admin-img.png',0,to_timestamp('23/09/22 17:10:13.327000000','RR/MM/DD HH24:MI:SSXFF'),to_timestamp('23/09/22 17:10:13.327000000','RR/MM/DD HH24:MI:SSXFF'),'pandapanda',235);
Insert into BLUEWAVE.CHAL_BOARD_TBL (C_BOARD_NO,C_BOARD_TITLE,C_BOARD_CONTENT,C_BOARD_FILE_NAME,C_BOARD_FILE_RENAME,C_BOARD_FILE_PATH,C_BOARD_FILE_LENGTH,C_BOARD_DATE,C_BOARD_UPDATE_DATE,C_BOARD_WRITER,CHAL_NO) values (236,'텀블러 사용~','했습니다~','2114207_550984_2120.jpg','20230923151917.jpg','../resources/cuploadFiles/20230923151917.jpg',538297,to_timestamp('23/09/23 15:19:18.492000000','RR/MM/DD HH24:MI:SSXFF'),to_timestamp('23/09/23 15:19:18.492000000','RR/MM/DD HH24:MI:SSXFF'),'helloworld',222);
Insert into BLUEWAVE.CHAL_BOARD_TBL (C_BOARD_NO,C_BOARD_TITLE,C_BOARD_CONTENT,C_BOARD_FILE_NAME,C_BOARD_FILE_RENAME,C_BOARD_FILE_PATH,C_BOARD_FILE_LENGTH,C_BOARD_DATE,C_BOARD_UPDATE_DATE,C_BOARD_WRITER,CHAL_NO) values (237,'자전거 첫날~','슝슝','자전거.jpg','20230923155137.jpg','../resources/cuploadFiles/20230923155137.jpg',50903,to_timestamp('23/09/23 15:51:39.081000000','RR/MM/DD HH24:MI:SSXFF'),to_timestamp('23/09/23 15:51:39.081000000','RR/MM/DD HH24:MI:SSXFF'),'testbae',243);
Insert into BLUEWAVE.CHAL_BOARD_TBL (C_BOARD_NO,C_BOARD_TITLE,C_BOARD_CONTENT,C_BOARD_FILE_NAME,C_BOARD_FILE_RENAME,C_BOARD_FILE_PATH,C_BOARD_FILE_LENGTH,C_BOARD_DATE,C_BOARD_UPDATE_DATE,C_BOARD_WRITER,CHAL_NO) values (238,'쓰레기 주웠슴당','줍줍','쓰줍.jpg','20230923155345.jpg','../resources/cuploadFiles/20230923155345.jpg',29903,to_timestamp('23/09/23 15:53:47.208000000','RR/MM/DD HH24:MI:SSXFF'),to_timestamp('23/09/23 15:53:47.208000000','RR/MM/DD HH24:MI:SSXFF'),'testbae',233);
Insert into BLUEWAVE.CHAL_BOARD_TBL (C_BOARD_NO,C_BOARD_TITLE,C_BOARD_CONTENT,C_BOARD_FILE_NAME,C_BOARD_FILE_RENAME,C_BOARD_FILE_PATH,C_BOARD_FILE_LENGTH,C_BOARD_DATE,C_BOARD_UPDATE_DATE,C_BOARD_WRITER,CHAL_NO) values (239,'분리수거 했습니다 ','분리수거~~했습니다~~~','분리수거.jpg','20230923155820.jpg','../resources/cuploadFiles/20230923155820.jpg',78292,to_timestamp('23/09/23 15:58:22.366000000','RR/MM/DD HH24:MI:SSXFF'),to_timestamp('23/09/23 15:58:22.366000000','RR/MM/DD HH24:MI:SSXFF'),'testbae',235);
Insert into BLUEWAVE.CHAL_BOARD_TBL (C_BOARD_NO,C_BOARD_TITLE,C_BOARD_CONTENT,C_BOARD_FILE_NAME,C_BOARD_FILE_RENAME,C_BOARD_FILE_PATH,C_BOARD_FILE_LENGTH,C_BOARD_DATE,C_BOARD_UPDATE_DATE,C_BOARD_WRITER,CHAL_NO) values (240,'자전거 또 탔어용~','또자','자전거2.jpg','20230923162647.jpg','../resources/cuploadFiles/20230923162647.jpg',104337,to_timestamp('23/09/22 16:26:49.371000000','RR/MM/DD HH24:MI:SSXFF'),to_timestamp('23/09/23 16:26:49.371000000','RR/MM/DD HH24:MI:SSXFF'),'testbae',243);
Insert into BLUEWAVE.CHAL_BOARD_TBL (C_BOARD_NO,C_BOARD_TITLE,C_BOARD_CONTENT,C_BOARD_FILE_NAME,C_BOARD_FILE_RENAME,C_BOARD_FILE_PATH,C_BOARD_FILE_LENGTH,C_BOARD_DATE,C_BOARD_UPDATE_DATE,C_BOARD_WRITER,CHAL_NO) values (241,'즐겁다 자전거','야호','자전거3.jpg','20230923182142.jpg','../resources/cuploadFiles/20230923182142.jpg',1941263,to_timestamp('23/09/23 18:21:44.290000000','RR/MM/DD HH24:MI:SSXFF'),to_timestamp('23/09/23 18:21:44.290000000','RR/MM/DD HH24:MI:SSXFF'),'testbae',243);
Insert into BLUEWAVE.CHAL_BOARD_TBL (C_BOARD_NO,C_BOARD_TITLE,C_BOARD_CONTENT,C_BOARD_FILE_NAME,C_BOARD_FILE_RENAME,C_BOARD_FILE_PATH,C_BOARD_FILE_LENGTH,C_BOARD_DATE,C_BOARD_UPDATE_DATE,C_BOARD_WRITER,CHAL_NO) values (245,'일회용품 줄이기 1일차!','다같이 열심히 해봅시다!ㅎㅎ','board-icon3.png','20230924181056.png','../resources/cuploadFiles/20230924181056.png',8670,to_timestamp('23/09/24 18:10:56.841000000','RR/MM/DD HH24:MI:SSXFF'),to_timestamp('23/09/24 18:10:56.841000000','RR/MM/DD HH24:MI:SSXFF'),'khuser01',263);
Insert into BLUEWAVE.CHAL_BOARD_TBL (C_BOARD_NO,C_BOARD_TITLE,C_BOARD_CONTENT,C_BOARD_FILE_NAME,C_BOARD_FILE_RENAME,C_BOARD_FILE_PATH,C_BOARD_FILE_LENGTH,C_BOARD_DATE,C_BOARD_UPDATE_DATE,C_BOARD_WRITER,CHAL_NO) values (248,'테스트 챌린지 게시물1','테스트 챌린지 게시물1','board-icon.png','20230924181640.png','../resources/cuploadFiles/20230924181640.png',10329,to_timestamp('23/09/24 18:16:40.929000000','RR/MM/DD HH24:MI:SSXFF'),to_timestamp('23/09/24 18:16:40.929000000','RR/MM/DD HH24:MI:SSXFF'),'khuser01',264);
Insert into BLUEWAVE.CHAL_BOARD_TBL (C_BOARD_NO,C_BOARD_TITLE,C_BOARD_CONTENT,C_BOARD_FILE_NAME,C_BOARD_FILE_RENAME,C_BOARD_FILE_PATH,C_BOARD_FILE_LENGTH,C_BOARD_DATE,C_BOARD_UPDATE_DATE,C_BOARD_WRITER,CHAL_NO) values (247,'테스트 챌린지 게시물2','테스트 챌린지 게시물2','20230924175228.jpg','20230924181539.jpg','../resources/cuploadFiles/20230924181539.jpg',230788,to_timestamp('23/09/24 18:15:00.206000000','RR/MM/DD HH24:MI:SSXFF'),to_timestamp('23/09/24 18:15:40.108000000','RR/MM/DD HH24:MI:SSXFF'),'khuser01',233);
Insert into BLUEWAVE.CHAL_BOARD_TBL (C_BOARD_NO,C_BOARD_TITLE,C_BOARD_CONTENT,C_BOARD_FILE_NAME,C_BOARD_FILE_RENAME,C_BOARD_FILE_PATH,C_BOARD_FILE_LENGTH,C_BOARD_DATE,C_BOARD_UPDATE_DATE,C_BOARD_WRITER,CHAL_NO) values (249,'테스트 챌린지 게시물2','포인트가 들어올까요?','board-icon.png','20230924181959.png','../resources/cuploadFiles/20230924181959.png',10329,to_timestamp('23/09/24 18:19:59.596000000','RR/MM/DD HH24:MI:SSXFF'),to_timestamp('23/09/24 18:19:59.596000000','RR/MM/DD HH24:MI:SSXFF'),'khuser01',233);
Insert into BLUEWAVE.CHAL_BOARD_TBL (C_BOARD_NO,C_BOARD_TITLE,C_BOARD_CONTENT,C_BOARD_FILE_NAME,C_BOARD_FILE_RENAME,C_BOARD_FILE_PATH,C_BOARD_FILE_LENGTH,C_BOARD_DATE,C_BOARD_UPDATE_DATE,C_BOARD_WRITER,CHAL_NO) values (250,'그럼 포인트 복사가 될까요?','ㅎㅎ 굿즈 다 가져갈게요~~','20230924175228.jpg','20230924182033.jpg','../resources/cuploadFiles/20230924182033.jpg',230788,to_timestamp('23/09/24 18:20:33.748000000','RR/MM/DD HH24:MI:SSXFF'),to_timestamp('23/09/24 18:20:33.748000000','RR/MM/DD HH24:MI:SSXFF'),'khuser01',233);
REM INSERTING into BLUEWAVE.CHAL_LIKE_TBL
SET DEFINE OFF;
Insert into BLUEWAVE.CHAL_LIKE_TBL (USER_ID,C_BOARD_NO) values ('helloworld',123);
Insert into BLUEWAVE.CHAL_LIKE_TBL (USER_ID,C_BOARD_NO) values ('helloworld',122);
Insert into BLUEWAVE.CHAL_LIKE_TBL (USER_ID,C_BOARD_NO) values ('helloworld',124);
Insert into BLUEWAVE.CHAL_LIKE_TBL (USER_ID,C_BOARD_NO) values ('helloworld',120);
Insert into BLUEWAVE.CHAL_LIKE_TBL (USER_ID,C_BOARD_NO) values ('helloworld',152);
Insert into BLUEWAVE.CHAL_LIKE_TBL (USER_ID,C_BOARD_NO) values ('helloworld',153);
Insert into BLUEWAVE.CHAL_LIKE_TBL (USER_ID,C_BOARD_NO) values ('helloworld',154);
Insert into BLUEWAVE.CHAL_LIKE_TBL (USER_ID,C_BOARD_NO) values ('helloworld',155);
Insert into BLUEWAVE.CHAL_LIKE_TBL (USER_ID,C_BOARD_NO) values ('helloworld',156);
Insert into BLUEWAVE.CHAL_LIKE_TBL (USER_ID,C_BOARD_NO) values ('helloworld',157);
Insert into BLUEWAVE.CHAL_LIKE_TBL (USER_ID,C_BOARD_NO) values ('helloworld',158);
Insert into BLUEWAVE.CHAL_LIKE_TBL (USER_ID,C_BOARD_NO) values ('helloworld',159);
Insert into BLUEWAVE.CHAL_LIKE_TBL (USER_ID,C_BOARD_NO) values ('helloworld',160);
Insert into BLUEWAVE.CHAL_LIKE_TBL (USER_ID,C_BOARD_NO) values ('helloworld',161);
Insert into BLUEWAVE.CHAL_LIKE_TBL (USER_ID,C_BOARD_NO) values ('helloworld',162);
Insert into BLUEWAVE.CHAL_LIKE_TBL (USER_ID,C_BOARD_NO) values ('helloworld',163);
Insert into BLUEWAVE.CHAL_LIKE_TBL (USER_ID,C_BOARD_NO) values ('helloworld',168);
Insert into BLUEWAVE.CHAL_LIKE_TBL (USER_ID,C_BOARD_NO) values ('helloworld',165);
Insert into BLUEWAVE.CHAL_LIKE_TBL (USER_ID,C_BOARD_NO) values ('helloworld',214);
Insert into BLUEWAVE.CHAL_LIKE_TBL (USER_ID,C_BOARD_NO) values ('helloworld',208);
Insert into BLUEWAVE.CHAL_LIKE_TBL (USER_ID,C_BOARD_NO) values ('helloworld',209);
Insert into BLUEWAVE.CHAL_LIKE_TBL (USER_ID,C_BOARD_NO) values ('helloworld',220);
Insert into BLUEWAVE.CHAL_LIKE_TBL (USER_ID,C_BOARD_NO) values ('helloworld',216);
Insert into BLUEWAVE.CHAL_LIKE_TBL (USER_ID,C_BOARD_NO) values ('testuser01',120);
Insert into BLUEWAVE.CHAL_LIKE_TBL (USER_ID,C_BOARD_NO) values ('khuser01',153);
Insert into BLUEWAVE.CHAL_LIKE_TBL (USER_ID,C_BOARD_NO) values ('khuser01',152);
Insert into BLUEWAVE.CHAL_LIKE_TBL (USER_ID,C_BOARD_NO) values ('testuser01',237);
Insert into BLUEWAVE.CHAL_LIKE_TBL (USER_ID,C_BOARD_NO) values ('khuser01',215);
Insert into BLUEWAVE.CHAL_LIKE_TBL (USER_ID,C_BOARD_NO) values ('helloworld',104);
Insert into BLUEWAVE.CHAL_LIKE_TBL (USER_ID,C_BOARD_NO) values ('helloworld',106);
Insert into BLUEWAVE.CHAL_LIKE_TBL (USER_ID,C_BOARD_NO) values ('helloworld',112);
Insert into BLUEWAVE.CHAL_LIKE_TBL (USER_ID,C_BOARD_NO) values ('helloworld',113);
Insert into BLUEWAVE.CHAL_LIKE_TBL (USER_ID,C_BOARD_NO) values ('helloworld',116);
Insert into BLUEWAVE.CHAL_LIKE_TBL (USER_ID,C_BOARD_NO) values ('helloworld',115);
Insert into BLUEWAVE.CHAL_LIKE_TBL (USER_ID,C_BOARD_NO) values ('helloworld',119);
Insert into BLUEWAVE.CHAL_LIKE_TBL (USER_ID,C_BOARD_NO) values ('helloworld',118);
Insert into BLUEWAVE.CHAL_LIKE_TBL (USER_ID,C_BOARD_NO) values ('helloworld',108);
Insert into BLUEWAVE.CHAL_LIKE_TBL (USER_ID,C_BOARD_NO) values ('khuser01',236);
Insert into BLUEWAVE.CHAL_LIKE_TBL (USER_ID,C_BOARD_NO) values ('khuser01',238);
REM INSERTING into BLUEWAVE.CHAL_TBL
SET DEFINE OFF;
Insert into BLUEWAVE.CHAL_TBL (CHAL_NO,CHAL_TITLE,CHAL_CONTENT,CHAL_FILE_NAME,CHAL_FILE_RENAME,CHAL_FILE_PATH,CHAL_FILE_LENGTH,CHAL_START_DATE,CHAL_END_DATE,CHAL_PUBLIC,CHAL_FINISH,CHAL_CREATE_DATE,CHAL_UPDATE_DATE,CHAL_USER_ID) values (223,'일회용품 사용 줄이기','일회용품 사용을 줄여보겠습니다.','plastic.jpg','20230922163644.jpg','../resources/chaluploadFiles/20230922163644.jpg',168342,to_date('23/09/22','RR/MM/DD'),to_date('23/09/29','RR/MM/DD'),'Y','N',to_timestamp('23/09/22 16:15:25.332000000','RR/MM/DD HH24:MI:SSXFF'),to_timestamp('23/09/22 16:36:42.742000000','RR/MM/DD HH24:MI:SSXFF'),'helloworld');
Insert into BLUEWAVE.CHAL_TBL (CHAL_NO,CHAL_TITLE,CHAL_CONTENT,CHAL_FILE_NAME,CHAL_FILE_RENAME,CHAL_FILE_PATH,CHAL_FILE_LENGTH,CHAL_START_DATE,CHAL_END_DATE,CHAL_PUBLIC,CHAL_FINISH,CHAL_CREATE_DATE,CHAL_UPDATE_DATE,CHAL_USER_ID) values (222,'텀블러 사용하기','저도 주말 카페에 꼭 텀블러를 가져가겠습니다!','tumbler2.jpg','20230922161425.jpg','../resources/chaluploadFiles/20230922161425.jpg',91489,to_date('23/09/22','RR/MM/DD'),to_date('23/09/24','RR/MM/DD'),'Y','Y',to_timestamp('23/09/22 16:14:23.120000000','RR/MM/DD HH24:MI:SSXFF'),to_timestamp('23/09/24 23:05:46.920000000','RR/MM/DD HH24:MI:SSXFF'),'helloworld');
Insert into BLUEWAVE.CHAL_TBL (CHAL_NO,CHAL_TITLE,CHAL_CONTENT,CHAL_FILE_NAME,CHAL_FILE_RENAME,CHAL_FILE_PATH,CHAL_FILE_LENGTH,CHAL_START_DATE,CHAL_END_DATE,CHAL_PUBLIC,CHAL_FINISH,CHAL_CREATE_DATE,CHAL_UPDATE_DATE,CHAL_USER_ID) values (224,'쓰레기 줍기 실천하기','눈 앞의 쓰레기를 외면하지 않고 주워볼게요.','trash2.jpg','20230922163234.jpg','../resources/chaluploadFiles/20230922163234.jpg',84134,to_date('23/09/22','RR/MM/DD'),to_date('23/09/29','RR/MM/DD'),'Y','N',to_timestamp('23/09/22 16:15:25.332000000','RR/MM/DD HH24:MI:SSXFF'),to_timestamp('23/09/22 16:32:32.972000000','RR/MM/DD HH24:MI:SSXFF'),'helloworld');
Insert into BLUEWAVE.CHAL_TBL (CHAL_NO,CHAL_TITLE,CHAL_CONTENT,CHAL_FILE_NAME,CHAL_FILE_RENAME,CHAL_FILE_PATH,CHAL_FILE_LENGTH,CHAL_START_DATE,CHAL_END_DATE,CHAL_PUBLIC,CHAL_FINISH,CHAL_CREATE_DATE,CHAL_UPDATE_DATE,CHAL_USER_ID) values (225,'3번째 개인 챌린지','3번째 개인 챌린지입니다.','admin-img.png','admin-img.png','../resources/chaluploadFiles/admin-img.png',0,to_date('23/09/22','RR/MM/DD'),to_date('23/09/29','RR/MM/DD'),'Y','N',to_timestamp('23/09/22 16:15:25.332000000','RR/MM/DD HH24:MI:SSXFF'),to_timestamp('23/09/22 16:15:25.332000000','RR/MM/DD HH24:MI:SSXFF'),'helloworld');
Insert into BLUEWAVE.CHAL_TBL (CHAL_NO,CHAL_TITLE,CHAL_CONTENT,CHAL_FILE_NAME,CHAL_FILE_RENAME,CHAL_FILE_PATH,CHAL_FILE_LENGTH,CHAL_START_DATE,CHAL_END_DATE,CHAL_PUBLIC,CHAL_FINISH,CHAL_CREATE_DATE,CHAL_UPDATE_DATE,CHAL_USER_ID) values (226,'4번째 개인 챌린지','4번째 개인 챌린지입니다.','admin-img.png','admin-img.png','../resources/chaluploadFiles/admin-img.png',0,to_date('23/09/22','RR/MM/DD'),to_date('23/09/29','RR/MM/DD'),'Y','N',to_timestamp('23/09/22 16:15:25.332000000','RR/MM/DD HH24:MI:SSXFF'),to_timestamp('23/09/22 16:15:25.332000000','RR/MM/DD HH24:MI:SSXFF'),'helloworld');
Insert into BLUEWAVE.CHAL_TBL (CHAL_NO,CHAL_TITLE,CHAL_CONTENT,CHAL_FILE_NAME,CHAL_FILE_RENAME,CHAL_FILE_PATH,CHAL_FILE_LENGTH,CHAL_START_DATE,CHAL_END_DATE,CHAL_PUBLIC,CHAL_FINISH,CHAL_CREATE_DATE,CHAL_UPDATE_DATE,CHAL_USER_ID) values (227,'5번째 개인 챌린지','5번째 개인 챌린지입니다.','admin-img.png','admin-img.png','../resources/chaluploadFiles/admin-img.png',0,to_date('23/09/22','RR/MM/DD'),to_date('23/09/29','RR/MM/DD'),'Y','N',to_timestamp('23/09/22 16:15:25.332000000','RR/MM/DD HH24:MI:SSXFF'),to_timestamp('23/09/22 16:15:25.332000000','RR/MM/DD HH24:MI:SSXFF'),'helloworld');
Insert into BLUEWAVE.CHAL_TBL (CHAL_NO,CHAL_TITLE,CHAL_CONTENT,CHAL_FILE_NAME,CHAL_FILE_RENAME,CHAL_FILE_PATH,CHAL_FILE_LENGTH,CHAL_START_DATE,CHAL_END_DATE,CHAL_PUBLIC,CHAL_FINISH,CHAL_CREATE_DATE,CHAL_UPDATE_DATE,CHAL_USER_ID) values (228,'6번째 개인 챌린지','6번째 개인 챌린지입니다.','admin-img.png','admin-img.png','../resources/chaluploadFiles/admin-img.png',0,to_date('23/09/22','RR/MM/DD'),to_date('23/09/29','RR/MM/DD'),'Y','N',to_timestamp('23/09/22 16:16:07.062000000','RR/MM/DD HH24:MI:SSXFF'),to_timestamp('23/09/22 16:16:07.062000000','RR/MM/DD HH24:MI:SSXFF'),'helloworld');
Insert into BLUEWAVE.CHAL_TBL (CHAL_NO,CHAL_TITLE,CHAL_CONTENT,CHAL_FILE_NAME,CHAL_FILE_RENAME,CHAL_FILE_PATH,CHAL_FILE_LENGTH,CHAL_START_DATE,CHAL_END_DATE,CHAL_PUBLIC,CHAL_FINISH,CHAL_CREATE_DATE,CHAL_UPDATE_DATE,CHAL_USER_ID) values (229,'7번째 개인 챌린지','7번째 개인 챌린지입니다.','admin-img.png','admin-img.png','../resources/chaluploadFiles/admin-img.png',0,to_date('23/09/22','RR/MM/DD'),to_date('23/09/29','RR/MM/DD'),'Y','N',to_timestamp('23/09/22 16:16:07.062000000','RR/MM/DD HH24:MI:SSXFF'),to_timestamp('23/09/22 16:16:07.062000000','RR/MM/DD HH24:MI:SSXFF'),'helloworld');
Insert into BLUEWAVE.CHAL_TBL (CHAL_NO,CHAL_TITLE,CHAL_CONTENT,CHAL_FILE_NAME,CHAL_FILE_RENAME,CHAL_FILE_PATH,CHAL_FILE_LENGTH,CHAL_START_DATE,CHAL_END_DATE,CHAL_PUBLIC,CHAL_FINISH,CHAL_CREATE_DATE,CHAL_UPDATE_DATE,CHAL_USER_ID) values (230,'8번째 개인 챌린지','8번째 개인 챌린지입니다.','admin-img.png','admin-img.png','../resources/chaluploadFiles/admin-img.png',0,to_date('23/09/22','RR/MM/DD'),to_date('23/09/29','RR/MM/DD'),'Y','N',to_timestamp('23/09/22 16:16:07.062000000','RR/MM/DD HH24:MI:SSXFF'),to_timestamp('23/09/22 16:16:07.062000000','RR/MM/DD HH24:MI:SSXFF'),'helloworld');
Insert into BLUEWAVE.CHAL_TBL (CHAL_NO,CHAL_TITLE,CHAL_CONTENT,CHAL_FILE_NAME,CHAL_FILE_RENAME,CHAL_FILE_PATH,CHAL_FILE_LENGTH,CHAL_START_DATE,CHAL_END_DATE,CHAL_PUBLIC,CHAL_FINISH,CHAL_CREATE_DATE,CHAL_UPDATE_DATE,CHAL_USER_ID) values (231,'9번째 개인 챌린지','9번째 개인 챌린지입니다.','admin-img.png','admin-img.png','../resources/chaluploadFiles/admin-img.png',0,to_date('23/09/22','RR/MM/DD'),to_date('23/09/29','RR/MM/DD'),'Y','N',to_timestamp('23/09/22 16:16:07.062000000','RR/MM/DD HH24:MI:SSXFF'),to_timestamp('23/09/22 16:16:07.062000000','RR/MM/DD HH24:MI:SSXFF'),'helloworld');
Insert into BLUEWAVE.CHAL_TBL (CHAL_NO,CHAL_TITLE,CHAL_CONTENT,CHAL_FILE_NAME,CHAL_FILE_RENAME,CHAL_FILE_PATH,CHAL_FILE_LENGTH,CHAL_START_DATE,CHAL_END_DATE,CHAL_PUBLIC,CHAL_FINISH,CHAL_CREATE_DATE,CHAL_UPDATE_DATE,CHAL_USER_ID) values (232,'10번째 개인 챌린지','10번째 개인 챌린지입니다.','admin-img.png','admin-img.png','../resources/chaluploadFiles/admin-img.png',0,to_date('23/09/22','RR/MM/DD'),to_date('23/09/29','RR/MM/DD'),'Y','N',to_timestamp('23/09/22 16:16:07.062000000','RR/MM/DD HH24:MI:SSXFF'),to_timestamp('23/09/22 16:16:07.062000000','RR/MM/DD HH24:MI:SSXFF'),'helloworld');
Insert into BLUEWAVE.CHAL_TBL (CHAL_NO,CHAL_TITLE,CHAL_CONTENT,CHAL_FILE_NAME,CHAL_FILE_RENAME,CHAL_FILE_PATH,CHAL_FILE_LENGTH,CHAL_START_DATE,CHAL_END_DATE,CHAL_PUBLIC,CHAL_FINISH,CHAL_CREATE_DATE,CHAL_UPDATE_DATE,CHAL_USER_ID) values (233,'쓰레기 줍기 챌린지','매일매일 쓰레기 줍기 챌린지에 함께합시다!','trash.jpeg','20230922161814.jpeg','../resources/chaluploadFiles/20230922161814.jpeg',570817,to_date('23/09/22','RR/MM/DD'),to_date('23/09/29','RR/MM/DD'),'Y','N',to_timestamp('23/09/22 16:16:14.530000000','RR/MM/DD HH24:MI:SSXFF'),to_timestamp('23/09/22 16:18:13.064000000','RR/MM/DD HH24:MI:SSXFF'),'admin');
Insert into BLUEWAVE.CHAL_TBL (CHAL_NO,CHAL_TITLE,CHAL_CONTENT,CHAL_FILE_NAME,CHAL_FILE_RENAME,CHAL_FILE_PATH,CHAL_FILE_LENGTH,CHAL_START_DATE,CHAL_END_DATE,CHAL_PUBLIC,CHAL_FINISH,CHAL_CREATE_DATE,CHAL_UPDATE_DATE,CHAL_USER_ID) values (234,'대중교통 이용 챌린지','이동 시 대중교통을 이용하여 환경을 보호해봅시다.','bus.jpg','20230922161954.jpg','../resources/chaluploadFiles/20230922161954.jpg',93048,to_date('23/09/22','RR/MM/DD'),to_date('23/09/29','RR/MM/DD'),'Y','N',to_timestamp('23/09/22 16:16:14.530000000','RR/MM/DD HH24:MI:SSXFF'),to_timestamp('23/09/22 16:19:52.756000000','RR/MM/DD HH24:MI:SSXFF'),'admin');
Insert into BLUEWAVE.CHAL_TBL (CHAL_NO,CHAL_TITLE,CHAL_CONTENT,CHAL_FILE_NAME,CHAL_FILE_RENAME,CHAL_FILE_PATH,CHAL_FILE_LENGTH,CHAL_START_DATE,CHAL_END_DATE,CHAL_PUBLIC,CHAL_FINISH,CHAL_CREATE_DATE,CHAL_UPDATE_DATE,CHAL_USER_ID) values (235,'분리수거 챌린지','블루웨이브와 함께 분리수거를 실천해봅시다.','recycle.png','20230922162205.png','../resources/chaluploadFiles/20230922162205.png',58385,to_date('23/09/22','RR/MM/DD'),to_date('23/09/29','RR/MM/DD'),'Y','N',to_timestamp('23/09/22 16:16:14.530000000','RR/MM/DD HH24:MI:SSXFF'),to_timestamp('23/09/22 16:22:03.227000000','RR/MM/DD HH24:MI:SSXFF'),'admin');
Insert into BLUEWAVE.CHAL_TBL (CHAL_NO,CHAL_TITLE,CHAL_CONTENT,CHAL_FILE_NAME,CHAL_FILE_RENAME,CHAL_FILE_PATH,CHAL_FILE_LENGTH,CHAL_START_DATE,CHAL_END_DATE,CHAL_PUBLIC,CHAL_FINISH,CHAL_CREATE_DATE,CHAL_UPDATE_DATE,CHAL_USER_ID) values (236,'4번째 관리자 챌린지','4번째 관리자 챌린지입니다.','admin-img.png','admin-img.png','../resources/chaluploadFiles/admin-img.png',0,to_date('23/09/22','RR/MM/DD'),to_date('23/09/29','RR/MM/DD'),'Y','N',to_timestamp('23/09/22 16:16:14.530000000','RR/MM/DD HH24:MI:SSXFF'),to_timestamp('23/09/22 16:16:14.530000000','RR/MM/DD HH24:MI:SSXFF'),'admin');
Insert into BLUEWAVE.CHAL_TBL (CHAL_NO,CHAL_TITLE,CHAL_CONTENT,CHAL_FILE_NAME,CHAL_FILE_RENAME,CHAL_FILE_PATH,CHAL_FILE_LENGTH,CHAL_START_DATE,CHAL_END_DATE,CHAL_PUBLIC,CHAL_FINISH,CHAL_CREATE_DATE,CHAL_UPDATE_DATE,CHAL_USER_ID) values (210,'헬로월드 쓰레기 줍기','매일매일 쓰레기를 주워보겠습니다. 꼭이요!','trash2.jpg','20230922151512.jpg','../resources/chaluploadFiles/20230922151512.jpg',84134,to_date('23/09/25','RR/MM/DD'),to_date('23/10/05','RR/MM/DD'),'Y','N',to_timestamp('23/09/22 15:15:10.687000000','RR/MM/DD HH24:MI:SSXFF'),to_timestamp('23/09/22 15:15:10.687000000','RR/MM/DD HH24:MI:SSXFF'),'helloworld');
Insert into BLUEWAVE.CHAL_TBL (CHAL_NO,CHAL_TITLE,CHAL_CONTENT,CHAL_FILE_NAME,CHAL_FILE_RENAME,CHAL_FILE_PATH,CHAL_FILE_LENGTH,CHAL_START_DATE,CHAL_END_DATE,CHAL_PUBLIC,CHAL_FINISH,CHAL_CREATE_DATE,CHAL_UPDATE_DATE,CHAL_USER_ID) values (211,'텀블러 사용하기','주말 카페에 꼭 텀블러를 가져가겠습니다...!','tumbler.jpg','20230922153422.jpg','../resources/chaluploadFiles/20230922153422.jpg',57937,to_date('23/09/22','RR/MM/DD'),to_date('23/09/24','RR/MM/DD'),'Y','Y',to_timestamp('23/09/22 15:34:20.580000000','RR/MM/DD HH24:MI:SSXFF'),to_timestamp('23/09/24 23:05:46.920000000','RR/MM/DD HH24:MI:SSXFF'),'pandapanda');
Insert into BLUEWAVE.CHAL_TBL (CHAL_NO,CHAL_TITLE,CHAL_CONTENT,CHAL_FILE_NAME,CHAL_FILE_RENAME,CHAL_FILE_PATH,CHAL_FILE_LENGTH,CHAL_START_DATE,CHAL_END_DATE,CHAL_PUBLIC,CHAL_FINISH,CHAL_CREATE_DATE,CHAL_UPDATE_DATE,CHAL_USER_ID) values (237,'5번째 관리자 챌린지','5번째 관리자 챌린지입니다.','admin-img.png','admin-img.png','../resources/chaluploadFiles/admin-img.png',0,to_date('23/09/22','RR/MM/DD'),to_date('23/09/29','RR/MM/DD'),'Y','N',to_timestamp('23/09/22 16:16:14.530000000','RR/MM/DD HH24:MI:SSXFF'),to_timestamp('23/09/22 16:16:14.530000000','RR/MM/DD HH24:MI:SSXFF'),'admin');
Insert into BLUEWAVE.CHAL_TBL (CHAL_NO,CHAL_TITLE,CHAL_CONTENT,CHAL_FILE_NAME,CHAL_FILE_RENAME,CHAL_FILE_PATH,CHAL_FILE_LENGTH,CHAL_START_DATE,CHAL_END_DATE,CHAL_PUBLIC,CHAL_FINISH,CHAL_CREATE_DATE,CHAL_UPDATE_DATE,CHAL_USER_ID) values (238,'6번째 관리자 챌린지','6번째 관리자 챌린지입니다.','admin-img.png','admin-img.png','../resources/chaluploadFiles/admin-img.png',0,to_date('23/09/22','RR/MM/DD'),to_date('23/09/29','RR/MM/DD'),'Y','N',to_timestamp('23/09/22 16:16:14.530000000','RR/MM/DD HH24:MI:SSXFF'),to_timestamp('23/09/22 16:16:14.530000000','RR/MM/DD HH24:MI:SSXFF'),'admin');
Insert into BLUEWAVE.CHAL_TBL (CHAL_NO,CHAL_TITLE,CHAL_CONTENT,CHAL_FILE_NAME,CHAL_FILE_RENAME,CHAL_FILE_PATH,CHAL_FILE_LENGTH,CHAL_START_DATE,CHAL_END_DATE,CHAL_PUBLIC,CHAL_FINISH,CHAL_CREATE_DATE,CHAL_UPDATE_DATE,CHAL_USER_ID) values (239,'7번째 관리자 챌린지','7번째 관리자 챌린지입니다.','admin-img.png','admin-img.png','../resources/chaluploadFiles/admin-img.png',0,to_date('23/09/22','RR/MM/DD'),to_date('23/09/29','RR/MM/DD'),'Y','N',to_timestamp('23/09/22 16:16:14.530000000','RR/MM/DD HH24:MI:SSXFF'),to_timestamp('23/09/22 16:16:14.530000000','RR/MM/DD HH24:MI:SSXFF'),'admin');
Insert into BLUEWAVE.CHAL_TBL (CHAL_NO,CHAL_TITLE,CHAL_CONTENT,CHAL_FILE_NAME,CHAL_FILE_RENAME,CHAL_FILE_PATH,CHAL_FILE_LENGTH,CHAL_START_DATE,CHAL_END_DATE,CHAL_PUBLIC,CHAL_FINISH,CHAL_CREATE_DATE,CHAL_UPDATE_DATE,CHAL_USER_ID) values (240,'8번째 관리자 챌린지','8번째 관리자 챌린지입니다.','admin-img.png','admin-img.png','../resources/chaluploadFiles/admin-img.png',0,to_date('23/09/22','RR/MM/DD'),to_date('23/09/29','RR/MM/DD'),'Y','N',to_timestamp('23/09/22 16:16:14.530000000','RR/MM/DD HH24:MI:SSXFF'),to_timestamp('23/09/22 16:16:14.530000000','RR/MM/DD HH24:MI:SSXFF'),'admin');
Insert into BLUEWAVE.CHAL_TBL (CHAL_NO,CHAL_TITLE,CHAL_CONTENT,CHAL_FILE_NAME,CHAL_FILE_RENAME,CHAL_FILE_PATH,CHAL_FILE_LENGTH,CHAL_START_DATE,CHAL_END_DATE,CHAL_PUBLIC,CHAL_FINISH,CHAL_CREATE_DATE,CHAL_UPDATE_DATE,CHAL_USER_ID) values (241,'9번째 관리자 챌린지','9번째 관리자 챌린지입니다.','admin-img.png','admin-img.png','../resources/chaluploadFiles/admin-img.png',0,to_date('23/09/22','RR/MM/DD'),to_date('23/09/29','RR/MM/DD'),'Y','N',to_timestamp('23/09/22 16:16:14.530000000','RR/MM/DD HH24:MI:SSXFF'),to_timestamp('23/09/22 16:16:14.530000000','RR/MM/DD HH24:MI:SSXFF'),'admin');
Insert into BLUEWAVE.CHAL_TBL (CHAL_NO,CHAL_TITLE,CHAL_CONTENT,CHAL_FILE_NAME,CHAL_FILE_RENAME,CHAL_FILE_PATH,CHAL_FILE_LENGTH,CHAL_START_DATE,CHAL_END_DATE,CHAL_PUBLIC,CHAL_FINISH,CHAL_CREATE_DATE,CHAL_UPDATE_DATE,CHAL_USER_ID) values (242,'10번째 관리자 챌린지','10번째 관리자 챌린지입니다.','admin-img.png','admin-img.png','../resources/chaluploadFiles/admin-img.png',0,to_date('23/09/22','RR/MM/DD'),to_date('23/09/29','RR/MM/DD'),'Y','N',to_timestamp('23/09/22 16:16:14.530000000','RR/MM/DD HH24:MI:SSXFF'),to_timestamp('23/09/22 16:16:14.530000000','RR/MM/DD HH24:MI:SSXFF'),'admin');
Insert into BLUEWAVE.CHAL_TBL (CHAL_NO,CHAL_TITLE,CHAL_CONTENT,CHAL_FILE_NAME,CHAL_FILE_RENAME,CHAL_FILE_PATH,CHAL_FILE_LENGTH,CHAL_START_DATE,CHAL_END_DATE,CHAL_PUBLIC,CHAL_FINISH,CHAL_CREATE_DATE,CHAL_UPDATE_DATE,CHAL_USER_ID) values (243,'자전거타기','출퇴근길 자전거타세요자전거~~~','자전거.jpg','20230923155113.jpg','../resources/chaluploadFiles/20230923155113.jpg',50903,to_date('23/09/23','RR/MM/DD'),to_date('23/10/07','RR/MM/DD'),'Y','N',to_timestamp('23/09/23 15:51:14.537000000','RR/MM/DD HH24:MI:SSXFF'),to_timestamp('23/09/23 15:51:54.689000000','RR/MM/DD HH24:MI:SSXFF'),'testbae');
Insert into BLUEWAVE.CHAL_TBL (CHAL_NO,CHAL_TITLE,CHAL_CONTENT,CHAL_FILE_NAME,CHAL_FILE_RENAME,CHAL_FILE_PATH,CHAL_FILE_LENGTH,CHAL_START_DATE,CHAL_END_DATE,CHAL_PUBLIC,CHAL_FINISH,CHAL_CREATE_DATE,CHAL_UPDATE_DATE,CHAL_USER_ID) values (263,'일회용품 사용 줄이기','일회용품 사용을 줄여보겠습니다.','admin-img.png','admin-img.png','../resources/chaluploadFiles/admin-img.png',0,to_date('23/09/26','RR/MM/DD'),to_date('23/09/29','RR/MM/DD'),'Y','N',to_timestamp('23/09/24 17:53:09.034000000','RR/MM/DD HH24:MI:SSXFF'),to_timestamp('23/09/24 17:53:09.034000000','RR/MM/DD HH24:MI:SSXFF'),'khuser01');
Insert into BLUEWAVE.CHAL_TBL (CHAL_NO,CHAL_TITLE,CHAL_CONTENT,CHAL_FILE_NAME,CHAL_FILE_RENAME,CHAL_FILE_PATH,CHAL_FILE_LENGTH,CHAL_START_DATE,CHAL_END_DATE,CHAL_PUBLIC,CHAL_FINISH,CHAL_CREATE_DATE,CHAL_UPDATE_DATE,CHAL_USER_ID) values (262,'담배꽁초 줍기 챌린지','담배꽁초를 꼭 꼭 주워볼게요^^~','담배꽁초줍기.jpg','20230924175228.jpg','../resources/chaluploadFiles/20230924175228.jpg',230867,to_date('23/09/25','RR/MM/DD'),null,'N','N',to_timestamp('23/09/24 17:52:29.413000000','RR/MM/DD HH24:MI:SSXFF'),to_timestamp('23/09/24 17:52:29.413000000','RR/MM/DD HH24:MI:SSXFF'),'khuser01');
Insert into BLUEWAVE.CHAL_TBL (CHAL_NO,CHAL_TITLE,CHAL_CONTENT,CHAL_FILE_NAME,CHAL_FILE_RENAME,CHAL_FILE_PATH,CHAL_FILE_LENGTH,CHAL_START_DATE,CHAL_END_DATE,CHAL_PUBLIC,CHAL_FINISH,CHAL_CREATE_DATE,CHAL_UPDATE_DATE,CHAL_USER_ID) values (264,'테스트 챌린지 2','테스트 챌린지 2','board-icon2.png','20230924181624.png','../resources/chaluploadFiles/20230924181624.png',10908,to_date('23/09/25','RR/MM/DD'),null,'Y','N',to_timestamp('23/09/24 18:16:14.386000000','RR/MM/DD HH24:MI:SSXFF'),to_timestamp('23/09/24 18:16:24.978000000','RR/MM/DD HH24:MI:SSXFF'),'khuser01');
Insert into BLUEWAVE.CHAL_TBL (CHAL_NO,CHAL_TITLE,CHAL_CONTENT,CHAL_FILE_NAME,CHAL_FILE_RENAME,CHAL_FILE_PATH,CHAL_FILE_LENGTH,CHAL_START_DATE,CHAL_END_DATE,CHAL_PUBLIC,CHAL_FINISH,CHAL_CREATE_DATE,CHAL_UPDATE_DATE,CHAL_USER_ID) values (265,'쓰레기 줍기 실천하기','눈 앞의 쓰레기를 외면하지 않고 주워볼게요.','20230924175228.jpg','20230924181701.jpg','../resources/chaluploadFiles/20230924181701.jpg',230788,to_date('23/09/25','RR/MM/DD'),null,'Y','N',to_timestamp('23/09/24 18:17:01.349000000','RR/MM/DD HH24:MI:SSXFF'),to_timestamp('23/09/24 18:17:01.349000000','RR/MM/DD HH24:MI:SSXFF'),'khuser01');
REM INSERTING into BLUEWAVE.GOODS_TBL
SET DEFINE OFF;
Insert into BLUEWAVE.GOODS_TBL (PRODUCT_NO,PRODUCT_NAME,PRODUCT_POINT,PRODUCT_CONTENT,PRODUCT_THUMBNAIL,PRODUCT_THUMBNAIL_RENAME,PRODUCT_THUMBNAIL_PATH,PRODUCT_THUMBNAIL_LENGTH,PRODUCT_IMAGE,PRODUCT_IMAGE_RENAME,PRODUCT_IMAGE_PATH,PRODUCT_IMAGE_LENGTH,PRODUCT_COUNT) values (143,'친환경 키홀더',50,'재활용품을 가공해만든 키홀더','echoKeyHolder.jpg','gt202309265161035.jpg','../resources/gtuploadFiles/gt202309265161035.jpg',15533,'echoKeyHolder.jpg','gi202309265161035.jpg','../resources/giuploadFiles/gi202309265161035.jpg',15533,20);
Insert into BLUEWAVE.GOODS_TBL (PRODUCT_NO,PRODUCT_NAME,PRODUCT_POINT,PRODUCT_CONTENT,PRODUCT_THUMBNAIL,PRODUCT_THUMBNAIL_RENAME,PRODUCT_THUMBNAIL_PATH,PRODUCT_THUMBNAIL_LENGTH,PRODUCT_IMAGE,PRODUCT_IMAGE_RENAME,PRODUCT_IMAGE_PATH,PRODUCT_IMAGE_LENGTH,PRODUCT_COUNT) values (144,'친환경 립밤',100,'식물 원료로 만든 친환경 립밤','lipblam.jpg','gt202309265161139.jpg','../resources/gtuploadFiles/gt202309265161139.jpg',27659,'lipblam.jpg','gi202309265161139.jpg','../resources/giuploadFiles/gi202309265161139.jpg',27659,12);
Insert into BLUEWAVE.GOODS_TBL (PRODUCT_NO,PRODUCT_NAME,PRODUCT_POINT,PRODUCT_CONTENT,PRODUCT_THUMBNAIL,PRODUCT_THUMBNAIL_RENAME,PRODUCT_THUMBNAIL_PATH,PRODUCT_THUMBNAIL_LENGTH,PRODUCT_IMAGE,PRODUCT_IMAGE_RENAME,PRODUCT_IMAGE_PATH,PRODUCT_IMAGE_LENGTH,PRODUCT_COUNT) values (145,'1번째 굿즈입니다.',100,'1번째 굿즈내용 입니다.','admin-img.png','gt202309265163628.png','../resources/gtuploadFiles/gt202309265163628.png',6360941,'admin-img.png','gi202309265163628.png','../resources/giuploadFiles/gi202309265163628.png',6360941,1);
Insert into BLUEWAVE.GOODS_TBL (PRODUCT_NO,PRODUCT_NAME,PRODUCT_POINT,PRODUCT_CONTENT,PRODUCT_THUMBNAIL,PRODUCT_THUMBNAIL_RENAME,PRODUCT_THUMBNAIL_PATH,PRODUCT_THUMBNAIL_LENGTH,PRODUCT_IMAGE,PRODUCT_IMAGE_RENAME,PRODUCT_IMAGE_PATH,PRODUCT_IMAGE_LENGTH,PRODUCT_COUNT) values (146,'2번째 굿즈입니다.',100,'2번째 굿즈내용 입니다.','admin-img.png','gt202309265163636.png','../resources/gtuploadFiles/gt202309265163636.png',6360941,'admin-img.png','gi202309265163636.png','../resources/giuploadFiles/gi202309265163636.png',6360941,2);
Insert into BLUEWAVE.GOODS_TBL (PRODUCT_NO,PRODUCT_NAME,PRODUCT_POINT,PRODUCT_CONTENT,PRODUCT_THUMBNAIL,PRODUCT_THUMBNAIL_RENAME,PRODUCT_THUMBNAIL_PATH,PRODUCT_THUMBNAIL_LENGTH,PRODUCT_IMAGE,PRODUCT_IMAGE_RENAME,PRODUCT_IMAGE_PATH,PRODUCT_IMAGE_LENGTH,PRODUCT_COUNT) values (141,'에코 빈티지 노트',200,'재활용품을 재가공해서 만든 친환경 빈티지 노트','echoNote.jpg','gt202309265160818.jpg','../resources/gtuploadFiles/gt202309265160818.jpg',180826,'echoNote.jpg','gi202309265160818.jpg','../resources/giuploadFiles/gi202309265160818.jpg',180826,13);
Insert into BLUEWAVE.GOODS_TBL (PRODUCT_NO,PRODUCT_NAME,PRODUCT_POINT,PRODUCT_CONTENT,PRODUCT_THUMBNAIL,PRODUCT_THUMBNAIL_RENAME,PRODUCT_THUMBNAIL_PATH,PRODUCT_THUMBNAIL_LENGTH,PRODUCT_IMAGE,PRODUCT_IMAGE_RENAME,PRODUCT_IMAGE_PATH,PRODUCT_IMAGE_LENGTH,PRODUCT_COUNT) values (147,'3번째 굿즈입니다.',100,'3번째 굿즈내용 입니다.','admin-img.png','gt202309265163645.png','../resources/gtuploadFiles/gt202309265163645.png',6360941,'admin-img.png','gi202309265163645.png','../resources/giuploadFiles/gi202309265163645.png',6360941,2);
Insert into BLUEWAVE.GOODS_TBL (PRODUCT_NO,PRODUCT_NAME,PRODUCT_POINT,PRODUCT_CONTENT,PRODUCT_THUMBNAIL,PRODUCT_THUMBNAIL_RENAME,PRODUCT_THUMBNAIL_PATH,PRODUCT_THUMBNAIL_LENGTH,PRODUCT_IMAGE,PRODUCT_IMAGE_RENAME,PRODUCT_IMAGE_PATH,PRODUCT_IMAGE_LENGTH,PRODUCT_COUNT) values (142,'친환경 텀블러',300,'친환경 대용량 텀블러','echoTumbler.jpg','gt202309265160927.jpg','../resources/gtuploadFiles/gt202309265160927.jpg',16438,'echoTumbler.jpg','gi202309265160927.jpg','../resources/giuploadFiles/gi202309265160927.jpg',16438,19);
Insert into BLUEWAVE.GOODS_TBL (PRODUCT_NO,PRODUCT_NAME,PRODUCT_POINT,PRODUCT_CONTENT,PRODUCT_THUMBNAIL,PRODUCT_THUMBNAIL_RENAME,PRODUCT_THUMBNAIL_PATH,PRODUCT_THUMBNAIL_LENGTH,PRODUCT_IMAGE,PRODUCT_IMAGE_RENAME,PRODUCT_IMAGE_PATH,PRODUCT_IMAGE_LENGTH,PRODUCT_COUNT) values (148,'4번째 굿즈입니다.',100,'4번째 굿즈내용 입니다.','admin-img.png','gt202309265163655.png','../resources/gtuploadFiles/gt202309265163655.png',6360941,'admin-img.png','gi202309265163655.png','../resources/giuploadFiles/gi202309265163655.png',6360941,2);
Insert into BLUEWAVE.GOODS_TBL (PRODUCT_NO,PRODUCT_NAME,PRODUCT_POINT,PRODUCT_CONTENT,PRODUCT_THUMBNAIL,PRODUCT_THUMBNAIL_RENAME,PRODUCT_THUMBNAIL_PATH,PRODUCT_THUMBNAIL_LENGTH,PRODUCT_IMAGE,PRODUCT_IMAGE_RENAME,PRODUCT_IMAGE_PATH,PRODUCT_IMAGE_LENGTH,PRODUCT_COUNT) values (149,'5번째 굿즈입니다.',100,'5번째 굿즈내용 입니다.','admin-img.png','gt202309265163703.png','../resources/gtuploadFiles/gt202309265163703.png',6360941,'admin-img.png','gi202309265163703.png','../resources/giuploadFiles/gi202309265163703.png',6360941,2);
Insert into BLUEWAVE.GOODS_TBL (PRODUCT_NO,PRODUCT_NAME,PRODUCT_POINT,PRODUCT_CONTENT,PRODUCT_THUMBNAIL,PRODUCT_THUMBNAIL_RENAME,PRODUCT_THUMBNAIL_PATH,PRODUCT_THUMBNAIL_LENGTH,PRODUCT_IMAGE,PRODUCT_IMAGE_RENAME,PRODUCT_IMAGE_PATH,PRODUCT_IMAGE_LENGTH,PRODUCT_COUNT) values (150,'6번째 굿즈입니다.',100,'6번째 굿즈내용 입니다.','admin-img.png','gt202309265163711.png','../resources/gtuploadFiles/gt202309265163711.png',6360941,'admin-img.png','gi202309265163711.png','../resources/giuploadFiles/gi202309265163711.png',6360941,2);
Insert into BLUEWAVE.GOODS_TBL (PRODUCT_NO,PRODUCT_NAME,PRODUCT_POINT,PRODUCT_CONTENT,PRODUCT_THUMBNAIL,PRODUCT_THUMBNAIL_RENAME,PRODUCT_THUMBNAIL_PATH,PRODUCT_THUMBNAIL_LENGTH,PRODUCT_IMAGE,PRODUCT_IMAGE_RENAME,PRODUCT_IMAGE_PATH,PRODUCT_IMAGE_LENGTH,PRODUCT_COUNT) values (151,'7번째 굿즈입니다.',100,'7번째 굿즈내용 입니다.','admin-img.png','gt202309265163722.png','../resources/gtuploadFiles/gt202309265163722.png',6360941,'admin-img.png','gi202309265163722.png','../resources/giuploadFiles/gi202309265163722.png',6360941,2);
Insert into BLUEWAVE.GOODS_TBL (PRODUCT_NO,PRODUCT_NAME,PRODUCT_POINT,PRODUCT_CONTENT,PRODUCT_THUMBNAIL,PRODUCT_THUMBNAIL_RENAME,PRODUCT_THUMBNAIL_PATH,PRODUCT_THUMBNAIL_LENGTH,PRODUCT_IMAGE,PRODUCT_IMAGE_RENAME,PRODUCT_IMAGE_PATH,PRODUCT_IMAGE_LENGTH,PRODUCT_COUNT) values (152,'8번째 굿즈입니다.',100,'8번째 굿즈내용 입니다.','admin-img.png','gt202309265163730.png','../resources/gtuploadFiles/gt202309265163730.png',6360941,'admin-img.png','gi202309265163730.png','../resources/giuploadFiles/gi202309265163730.png',6360941,2);
Insert into BLUEWAVE.GOODS_TBL (PRODUCT_NO,PRODUCT_NAME,PRODUCT_POINT,PRODUCT_CONTENT,PRODUCT_THUMBNAIL,PRODUCT_THUMBNAIL_RENAME,PRODUCT_THUMBNAIL_PATH,PRODUCT_THUMBNAIL_LENGTH,PRODUCT_IMAGE,PRODUCT_IMAGE_RENAME,PRODUCT_IMAGE_PATH,PRODUCT_IMAGE_LENGTH,PRODUCT_COUNT) values (153,'9번째 굿즈입니다.',100,'9번째 굿즈내용 입니다.','admin-img.png','gt202309265163738.png','../resources/gtuploadFiles/gt202309265163738.png',6360941,'admin-img.png','gi202309265163738.png','../resources/giuploadFiles/gi202309265163738.png',6360941,2);
Insert into BLUEWAVE.GOODS_TBL (PRODUCT_NO,PRODUCT_NAME,PRODUCT_POINT,PRODUCT_CONTENT,PRODUCT_THUMBNAIL,PRODUCT_THUMBNAIL_RENAME,PRODUCT_THUMBNAIL_PATH,PRODUCT_THUMBNAIL_LENGTH,PRODUCT_IMAGE,PRODUCT_IMAGE_RENAME,PRODUCT_IMAGE_PATH,PRODUCT_IMAGE_LENGTH,PRODUCT_COUNT) values (154,'10번째 굿즈입니다.',100,'10번째 굿즈내용 입니다.','admin-img.png','gt202309265163746.png','../resources/gtuploadFiles/gt202309265163746.png',6360941,'admin-img.png','gi202309265163746.png','../resources/giuploadFiles/gi202309265163746.png',6360941,2);
REM INSERTING into BLUEWAVE.NOTICE_BOARD_TBL
SET DEFINE OFF;
Insert into BLUEWAVE.NOTICE_BOARD_TBL (NOTICE_NO,NOTICE_TITLE,NOTICE_WRITER,NOTICE_VIEW_COUNT,NOTICE_CREATE_DATE,NOTICE_UPDATE_DATE) values (101,'21번째 공지사항입니다.','admin',1,to_timestamp('23/09/22 14:52:25.519000000','RR/MM/DD HH24:MI:SSXFF'),to_timestamp('23/09/22 14:52:25.519000000','RR/MM/DD HH24:MI:SSXFF'));
Insert into BLUEWAVE.NOTICE_BOARD_TBL (NOTICE_NO,NOTICE_TITLE,NOTICE_WRITER,NOTICE_VIEW_COUNT,NOTICE_CREATE_DATE,NOTICE_UPDATE_DATE) values (102,'22번째 공지사항입니다.','admin',1,to_timestamp('23/09/22 14:52:25.519000000','RR/MM/DD HH24:MI:SSXFF'),to_timestamp('23/09/22 14:52:25.519000000','RR/MM/DD HH24:MI:SSXFF'));
Insert into BLUEWAVE.NOTICE_BOARD_TBL (NOTICE_NO,NOTICE_TITLE,NOTICE_WRITER,NOTICE_VIEW_COUNT,NOTICE_CREATE_DATE,NOTICE_UPDATE_DATE) values (103,'한가위 배송안내','admin',7,to_timestamp('23/09/22 14:52:25.519000000','RR/MM/DD HH24:MI:SSXFF'),to_timestamp('23/09/22 14:52:25.519000000','RR/MM/DD HH24:MI:SSXFF'));
Insert into BLUEWAVE.NOTICE_BOARD_TBL (NOTICE_NO,NOTICE_TITLE,NOTICE_WRITER,NOTICE_VIEW_COUNT,NOTICE_CREATE_DATE,NOTICE_UPDATE_DATE) values (104,'24번째 공지사항입니다.','admin',1,to_timestamp('23/09/22 14:52:25.519000000','RR/MM/DD HH24:MI:SSXFF'),to_timestamp('23/09/22 14:52:25.519000000','RR/MM/DD HH24:MI:SSXFF'));
Insert into BLUEWAVE.NOTICE_BOARD_TBL (NOTICE_NO,NOTICE_TITLE,NOTICE_WRITER,NOTICE_VIEW_COUNT,NOTICE_CREATE_DATE,NOTICE_UPDATE_DATE) values (105,'25번째 공지사항입니다.','admin',0,to_timestamp('23/09/22 14:52:25.519000000','RR/MM/DD HH24:MI:SSXFF'),to_timestamp('23/09/22 14:52:25.519000000','RR/MM/DD HH24:MI:SSXFF'));
Insert into BLUEWAVE.NOTICE_BOARD_TBL (NOTICE_NO,NOTICE_TITLE,NOTICE_WRITER,NOTICE_VIEW_COUNT,NOTICE_CREATE_DATE,NOTICE_UPDATE_DATE) values (106,'배송 일정 안내','admin',8,to_timestamp('23/09/22 14:52:25.519000000','RR/MM/DD HH24:MI:SSXFF'),to_timestamp('23/09/22 14:52:25.519000000','RR/MM/DD HH24:MI:SSXFF'));
Insert into BLUEWAVE.NOTICE_BOARD_TBL (NOTICE_NO,NOTICE_TITLE,NOTICE_WRITER,NOTICE_VIEW_COUNT,NOTICE_CREATE_DATE,NOTICE_UPDATE_DATE) values (107,'27번째 공지사항입니다.','admin',0,to_timestamp('23/09/22 14:52:25.519000000','RR/MM/DD HH24:MI:SSXFF'),to_timestamp('23/09/22 14:52:25.519000000','RR/MM/DD HH24:MI:SSXFF'));
Insert into BLUEWAVE.NOTICE_BOARD_TBL (NOTICE_NO,NOTICE_TITLE,NOTICE_WRITER,NOTICE_VIEW_COUNT,NOTICE_CREATE_DATE,NOTICE_UPDATE_DATE) values (108,'28번째 공지사항입니다.','admin',0,to_timestamp('23/09/22 14:52:25.519000000','RR/MM/DD HH24:MI:SSXFF'),to_timestamp('23/09/22 14:52:25.519000000','RR/MM/DD HH24:MI:SSXFF'));
Insert into BLUEWAVE.NOTICE_BOARD_TBL (NOTICE_NO,NOTICE_TITLE,NOTICE_WRITER,NOTICE_VIEW_COUNT,NOTICE_CREATE_DATE,NOTICE_UPDATE_DATE) values (109,'29번째 공지사항입니다.','admin',0,to_timestamp('23/09/22 14:52:25.519000000','RR/MM/DD HH24:MI:SSXFF'),to_timestamp('23/09/22 14:52:25.519000000','RR/MM/DD HH24:MI:SSXFF'));
Insert into BLUEWAVE.NOTICE_BOARD_TBL (NOTICE_NO,NOTICE_TITLE,NOTICE_WRITER,NOTICE_VIEW_COUNT,NOTICE_CREATE_DATE,NOTICE_UPDATE_DATE) values (110,'점검 공지 필독','admin',10,to_timestamp('23/09/22 14:52:25.519000000','RR/MM/DD HH24:MI:SSXFF'),to_timestamp('23/09/22 14:52:25.519000000','RR/MM/DD HH24:MI:SSXFF'));
Insert into BLUEWAVE.NOTICE_BOARD_TBL (NOTICE_NO,NOTICE_TITLE,NOTICE_WRITER,NOTICE_VIEW_COUNT,NOTICE_CREATE_DATE,NOTICE_UPDATE_DATE) values (81,'1번째 공지사항입니다.','admin',0,to_timestamp('23/09/22 14:52:25.519000000','RR/MM/DD HH24:MI:SSXFF'),to_timestamp('23/09/22 14:52:25.519000000','RR/MM/DD HH24:MI:SSXFF'));
Insert into BLUEWAVE.NOTICE_BOARD_TBL (NOTICE_NO,NOTICE_TITLE,NOTICE_WRITER,NOTICE_VIEW_COUNT,NOTICE_CREATE_DATE,NOTICE_UPDATE_DATE) values (82,'2번째 공지사항입니다.','admin',0,to_timestamp('23/09/22 14:52:25.519000000','RR/MM/DD HH24:MI:SSXFF'),to_timestamp('23/09/22 14:52:25.519000000','RR/MM/DD HH24:MI:SSXFF'));
Insert into BLUEWAVE.NOTICE_BOARD_TBL (NOTICE_NO,NOTICE_TITLE,NOTICE_WRITER,NOTICE_VIEW_COUNT,NOTICE_CREATE_DATE,NOTICE_UPDATE_DATE) values (83,'3번째 공지사항입니다.','admin',0,to_timestamp('23/09/22 14:52:25.519000000','RR/MM/DD HH24:MI:SSXFF'),to_timestamp('23/09/22 14:52:25.519000000','RR/MM/DD HH24:MI:SSXFF'));
Insert into BLUEWAVE.NOTICE_BOARD_TBL (NOTICE_NO,NOTICE_TITLE,NOTICE_WRITER,NOTICE_VIEW_COUNT,NOTICE_CREATE_DATE,NOTICE_UPDATE_DATE) values (84,'4번째 공지사항입니다.','admin',0,to_timestamp('23/09/22 14:52:25.519000000','RR/MM/DD HH24:MI:SSXFF'),to_timestamp('23/09/22 14:52:25.519000000','RR/MM/DD HH24:MI:SSXFF'));
Insert into BLUEWAVE.NOTICE_BOARD_TBL (NOTICE_NO,NOTICE_TITLE,NOTICE_WRITER,NOTICE_VIEW_COUNT,NOTICE_CREATE_DATE,NOTICE_UPDATE_DATE) values (85,'5번째 공지사항입니다.','admin',0,to_timestamp('23/09/22 14:52:25.519000000','RR/MM/DD HH24:MI:SSXFF'),to_timestamp('23/09/22 14:52:25.519000000','RR/MM/DD HH24:MI:SSXFF'));
Insert into BLUEWAVE.NOTICE_BOARD_TBL (NOTICE_NO,NOTICE_TITLE,NOTICE_WRITER,NOTICE_VIEW_COUNT,NOTICE_CREATE_DATE,NOTICE_UPDATE_DATE) values (86,'6번째 공지사항입니다.','admin',0,to_timestamp('23/09/22 14:52:25.519000000','RR/MM/DD HH24:MI:SSXFF'),to_timestamp('23/09/22 14:52:25.519000000','RR/MM/DD HH24:MI:SSXFF'));
Insert into BLUEWAVE.NOTICE_BOARD_TBL (NOTICE_NO,NOTICE_TITLE,NOTICE_WRITER,NOTICE_VIEW_COUNT,NOTICE_CREATE_DATE,NOTICE_UPDATE_DATE) values (87,'7번째 공지사항입니다.','admin',0,to_timestamp('23/09/22 14:52:25.519000000','RR/MM/DD HH24:MI:SSXFF'),to_timestamp('23/09/22 14:52:25.519000000','RR/MM/DD HH24:MI:SSXFF'));
Insert into BLUEWAVE.NOTICE_BOARD_TBL (NOTICE_NO,NOTICE_TITLE,NOTICE_WRITER,NOTICE_VIEW_COUNT,NOTICE_CREATE_DATE,NOTICE_UPDATE_DATE) values (88,'8번째 공지사항입니다.','admin',0,to_timestamp('23/09/22 14:52:25.519000000','RR/MM/DD HH24:MI:SSXFF'),to_timestamp('23/09/22 14:52:25.519000000','RR/MM/DD HH24:MI:SSXFF'));
Insert into BLUEWAVE.NOTICE_BOARD_TBL (NOTICE_NO,NOTICE_TITLE,NOTICE_WRITER,NOTICE_VIEW_COUNT,NOTICE_CREATE_DATE,NOTICE_UPDATE_DATE) values (89,'9번째 공지사항입니다.','admin',0,to_timestamp('23/09/22 14:52:25.519000000','RR/MM/DD HH24:MI:SSXFF'),to_timestamp('23/09/22 14:52:25.519000000','RR/MM/DD HH24:MI:SSXFF'));
Insert into BLUEWAVE.NOTICE_BOARD_TBL (NOTICE_NO,NOTICE_TITLE,NOTICE_WRITER,NOTICE_VIEW_COUNT,NOTICE_CREATE_DATE,NOTICE_UPDATE_DATE) values (90,'10번째 공지사항입니다.','admin',0,to_timestamp('23/09/22 14:52:25.519000000','RR/MM/DD HH24:MI:SSXFF'),to_timestamp('23/09/22 14:52:25.519000000','RR/MM/DD HH24:MI:SSXFF'));
Insert into BLUEWAVE.NOTICE_BOARD_TBL (NOTICE_NO,NOTICE_TITLE,NOTICE_WRITER,NOTICE_VIEW_COUNT,NOTICE_CREATE_DATE,NOTICE_UPDATE_DATE) values (91,'11번째 공지사항입니다.','admin',0,to_timestamp('23/09/22 14:52:25.519000000','RR/MM/DD HH24:MI:SSXFF'),to_timestamp('23/09/22 14:52:25.519000000','RR/MM/DD HH24:MI:SSXFF'));
Insert into BLUEWAVE.NOTICE_BOARD_TBL (NOTICE_NO,NOTICE_TITLE,NOTICE_WRITER,NOTICE_VIEW_COUNT,NOTICE_CREATE_DATE,NOTICE_UPDATE_DATE) values (92,'12번째 공지사항입니다.','admin',0,to_timestamp('23/09/22 14:52:25.519000000','RR/MM/DD HH24:MI:SSXFF'),to_timestamp('23/09/22 14:52:25.519000000','RR/MM/DD HH24:MI:SSXFF'));
Insert into BLUEWAVE.NOTICE_BOARD_TBL (NOTICE_NO,NOTICE_TITLE,NOTICE_WRITER,NOTICE_VIEW_COUNT,NOTICE_CREATE_DATE,NOTICE_UPDATE_DATE) values (93,'13번째 공지사항입니다.','admin',0,to_timestamp('23/09/22 14:52:25.519000000','RR/MM/DD HH24:MI:SSXFF'),to_timestamp('23/09/22 14:52:25.519000000','RR/MM/DD HH24:MI:SSXFF'));
Insert into BLUEWAVE.NOTICE_BOARD_TBL (NOTICE_NO,NOTICE_TITLE,NOTICE_WRITER,NOTICE_VIEW_COUNT,NOTICE_CREATE_DATE,NOTICE_UPDATE_DATE) values (94,'14번째 공지사항입니다.','admin',0,to_timestamp('23/09/22 14:52:25.519000000','RR/MM/DD HH24:MI:SSXFF'),to_timestamp('23/09/22 14:52:25.519000000','RR/MM/DD HH24:MI:SSXFF'));
Insert into BLUEWAVE.NOTICE_BOARD_TBL (NOTICE_NO,NOTICE_TITLE,NOTICE_WRITER,NOTICE_VIEW_COUNT,NOTICE_CREATE_DATE,NOTICE_UPDATE_DATE) values (95,'15번째 공지사항입니다.','admin',0,to_timestamp('23/09/22 14:52:25.519000000','RR/MM/DD HH24:MI:SSXFF'),to_timestamp('23/09/22 14:52:25.519000000','RR/MM/DD HH24:MI:SSXFF'));
Insert into BLUEWAVE.NOTICE_BOARD_TBL (NOTICE_NO,NOTICE_TITLE,NOTICE_WRITER,NOTICE_VIEW_COUNT,NOTICE_CREATE_DATE,NOTICE_UPDATE_DATE) values (96,'16번째 공지사항입니다.','admin',0,to_timestamp('23/09/22 14:52:25.519000000','RR/MM/DD HH24:MI:SSXFF'),to_timestamp('23/09/22 14:52:25.519000000','RR/MM/DD HH24:MI:SSXFF'));
Insert into BLUEWAVE.NOTICE_BOARD_TBL (NOTICE_NO,NOTICE_TITLE,NOTICE_WRITER,NOTICE_VIEW_COUNT,NOTICE_CREATE_DATE,NOTICE_UPDATE_DATE) values (97,'17번째 공지사항입니다.','admin',0,to_timestamp('23/09/22 14:52:25.519000000','RR/MM/DD HH24:MI:SSXFF'),to_timestamp('23/09/22 14:52:25.519000000','RR/MM/DD HH24:MI:SSXFF'));
Insert into BLUEWAVE.NOTICE_BOARD_TBL (NOTICE_NO,NOTICE_TITLE,NOTICE_WRITER,NOTICE_VIEW_COUNT,NOTICE_CREATE_DATE,NOTICE_UPDATE_DATE) values (98,'18번째 공지사항입니다.','admin',0,to_timestamp('23/09/22 14:52:25.519000000','RR/MM/DD HH24:MI:SSXFF'),to_timestamp('23/09/22 14:52:25.519000000','RR/MM/DD HH24:MI:SSXFF'));
Insert into BLUEWAVE.NOTICE_BOARD_TBL (NOTICE_NO,NOTICE_TITLE,NOTICE_WRITER,NOTICE_VIEW_COUNT,NOTICE_CREATE_DATE,NOTICE_UPDATE_DATE) values (99,'19번째 공지사항입니다.','admin',0,to_timestamp('23/09/22 14:52:25.519000000','RR/MM/DD HH24:MI:SSXFF'),to_timestamp('23/09/22 14:52:25.519000000','RR/MM/DD HH24:MI:SSXFF'));
Insert into BLUEWAVE.NOTICE_BOARD_TBL (NOTICE_NO,NOTICE_TITLE,NOTICE_WRITER,NOTICE_VIEW_COUNT,NOTICE_CREATE_DATE,NOTICE_UPDATE_DATE) values (100,'20번째 공지사항입니다.','admin',0,to_timestamp('23/09/22 14:52:25.519000000','RR/MM/DD HH24:MI:SSXFF'),to_timestamp('23/09/22 14:52:25.519000000','RR/MM/DD HH24:MI:SSXFF'));
REM INSERTING into BLUEWAVE.POINT_TBL
SET DEFINE OFF;
Insert into BLUEWAVE.POINT_TBL (USER_ID,USER_TOTAL_POINT,POINT_HISTORY,TRADE_TYPE,POINT_HISTORY_DATE,PRODUCT_NO,C_BOARD_NO) values ('testuser01',1000,1000,'insert',to_date('23/09/22','RR/MM/DD'),null,null);
Insert into BLUEWAVE.POINT_TBL (USER_ID,USER_TOTAL_POINT,POINT_HISTORY,TRADE_TYPE,POINT_HISTORY_DATE,PRODUCT_NO,C_BOARD_NO) values ('pandapanda',1000,1000,'insert',to_date('23/09/22','RR/MM/DD'),null,null);
Insert into BLUEWAVE.POINT_TBL (USER_ID,USER_TOTAL_POINT,POINT_HISTORY,TRADE_TYPE,POINT_HISTORY_DATE,PRODUCT_NO,C_BOARD_NO) values ('pandapanda',1100,100,'reward',to_date('23/09/22','RR/MM/DD'),null,101);
Insert into BLUEWAVE.POINT_TBL (USER_ID,USER_TOTAL_POINT,POINT_HISTORY,TRADE_TYPE,POINT_HISTORY_DATE,PRODUCT_NO,C_BOARD_NO) values ('testuser01',950,50,'use',to_date('23/09/22','RR/MM/DD'),143,null);
Insert into BLUEWAVE.POINT_TBL (USER_ID,USER_TOTAL_POINT,POINT_HISTORY,TRADE_TYPE,POINT_HISTORY_DATE,PRODUCT_NO,C_BOARD_NO) values ('testuser01',850,100,'use',to_date('23/09/23','RR/MM/DD'),144,null);
Insert into BLUEWAVE.POINT_TBL (USER_ID,USER_TOTAL_POINT,POINT_HISTORY,TRADE_TYPE,POINT_HISTORY_DATE,PRODUCT_NO,C_BOARD_NO) values ('user01',1000,1000,'insert',to_date('23/09/22','RR/MM/DD'),null,null);
Insert into BLUEWAVE.POINT_TBL (USER_ID,USER_TOTAL_POINT,POINT_HISTORY,TRADE_TYPE,POINT_HISTORY_DATE,PRODUCT_NO,C_BOARD_NO) values ('testuser01',550,300,'use',to_date('23/09/23','RR/MM/DD'),142,null);
Insert into BLUEWAVE.POINT_TBL (USER_ID,USER_TOTAL_POINT,POINT_HISTORY,TRADE_TYPE,POINT_HISTORY_DATE,PRODUCT_NO,C_BOARD_NO) values ('testuser01',450,100,'use',to_date('23/09/23','RR/MM/DD'),145,null);
Insert into BLUEWAVE.POINT_TBL (USER_ID,USER_TOTAL_POINT,POINT_HISTORY,TRADE_TYPE,POINT_HISTORY_DATE,PRODUCT_NO,C_BOARD_NO) values ('helloworld',1100,100,'reward',to_date('23/09/23','RR/MM/DD'),null,236);
Insert into BLUEWAVE.POINT_TBL (USER_ID,USER_TOTAL_POINT,POINT_HISTORY,TRADE_TYPE,POINT_HISTORY_DATE,PRODUCT_NO,C_BOARD_NO) values ('helloworld',900,200,'use',to_date('23/09/23','RR/MM/DD'),141,null);
Insert into BLUEWAVE.POINT_TBL (USER_ID,USER_TOTAL_POINT,POINT_HISTORY,TRADE_TYPE,POINT_HISTORY_DATE,PRODUCT_NO,C_BOARD_NO) values ('testbae',1000,1000,'insert',to_date('23/09/23','RR/MM/DD'),null,null);
Insert into BLUEWAVE.POINT_TBL (USER_ID,USER_TOTAL_POINT,POINT_HISTORY,TRADE_TYPE,POINT_HISTORY_DATE,PRODUCT_NO,C_BOARD_NO) values ('testbae',1100,100,'reward',to_date('23/09/23','RR/MM/DD'),null,237);
Insert into BLUEWAVE.POINT_TBL (USER_ID,USER_TOTAL_POINT,POINT_HISTORY,TRADE_TYPE,POINT_HISTORY_DATE,PRODUCT_NO,C_BOARD_NO) values ('testbae',900,200,'use',to_date('23/09/23','RR/MM/DD'),141,null);
Insert into BLUEWAVE.POINT_TBL (USER_ID,USER_TOTAL_POINT,POINT_HISTORY,TRADE_TYPE,POINT_HISTORY_DATE,PRODUCT_NO,C_BOARD_NO) values ('khuser01',1000,1000,'insert',to_date('23/09/23','RR/MM/DD'),null,null);
Insert into BLUEWAVE.POINT_TBL (USER_ID,USER_TOTAL_POINT,POINT_HISTORY,TRADE_TYPE,POINT_HISTORY_DATE,PRODUCT_NO,C_BOARD_NO) values ('testuser01',350,50,'use',to_date('23/09/24','RR/MM/DD'),143,null);
Insert into BLUEWAVE.POINT_TBL (USER_ID,USER_TOTAL_POINT,POINT_HISTORY,TRADE_TYPE,POINT_HISTORY_DATE,PRODUCT_NO,C_BOARD_NO) values ('testuser01',250,50,'use',to_date('23/09/24','RR/MM/DD'),143,null);
Insert into BLUEWAVE.POINT_TBL (USER_ID,USER_TOTAL_POINT,POINT_HISTORY,TRADE_TYPE,POINT_HISTORY_DATE,PRODUCT_NO,C_BOARD_NO) values ('testuser01',150,100,'use',to_date('23/09/24','RR/MM/DD'),144,null);
Insert into BLUEWAVE.POINT_TBL (USER_ID,USER_TOTAL_POINT,POINT_HISTORY,TRADE_TYPE,POINT_HISTORY_DATE,PRODUCT_NO,C_BOARD_NO) values ('testuser01',100,50,'use',to_date('23/09/24','RR/MM/DD'),143,null);
Insert into BLUEWAVE.POINT_TBL (USER_ID,USER_TOTAL_POINT,POINT_HISTORY,TRADE_TYPE,POINT_HISTORY_DATE,PRODUCT_NO,C_BOARD_NO) values ('testuser01',50,50,'use',to_date('23/09/24','RR/MM/DD'),143,null);
Insert into BLUEWAVE.POINT_TBL (USER_ID,USER_TOTAL_POINT,POINT_HISTORY,TRADE_TYPE,POINT_HISTORY_DATE,PRODUCT_NO,C_BOARD_NO) values ('khuser01',1000,50,'use',to_date('23/09/24','RR/MM/DD'),143,null);
Insert into BLUEWAVE.POINT_TBL (USER_ID,USER_TOTAL_POINT,POINT_HISTORY,TRADE_TYPE,POINT_HISTORY_DATE,PRODUCT_NO,C_BOARD_NO) values ('testuser01',0,50,'use',to_date('23/09/24','RR/MM/DD'),143,null);
Insert into BLUEWAVE.POINT_TBL (USER_ID,USER_TOTAL_POINT,POINT_HISTORY,TRADE_TYPE,POINT_HISTORY_DATE,PRODUCT_NO,C_BOARD_NO) values ('admin',1000,1000,'insert',to_date('23/09/22','RR/MM/DD'),null,null);
Insert into BLUEWAVE.POINT_TBL (USER_ID,USER_TOTAL_POINT,POINT_HISTORY,TRADE_TYPE,POINT_HISTORY_DATE,PRODUCT_NO,C_BOARD_NO) values ('helloworld',1000,1000,'insert',to_date('23/09/22','RR/MM/DD'),null,null);
Insert into BLUEWAVE.POINT_TBL (USER_ID,USER_TOTAL_POINT,POINT_HISTORY,TRADE_TYPE,POINT_HISTORY_DATE,PRODUCT_NO,C_BOARD_NO) values ('khuser01',1050,100,'reward',to_date('23/09/24','RR/MM/DD'),null,249);
REM INSERTING into BLUEWAVE.SUB_TBL
SET DEFINE OFF;
Insert into BLUEWAVE.SUB_TBL (SUB_TARGET,SUB_USER,SUB_DATE) values ('pandapanda','khuser01',to_date('23/09/24','RR/MM/DD'));
Insert into BLUEWAVE.SUB_TBL (SUB_TARGET,SUB_USER,SUB_DATE) values ('helloworld','testbae',to_date('23/09/24','RR/MM/DD'));
Insert into BLUEWAVE.SUB_TBL (SUB_TARGET,SUB_USER,SUB_DATE) values ('helloworld','khuser01',to_date('23/09/24','RR/MM/DD'));
REM INSERTING into BLUEWAVE.TIP_BOARD_TBL
SET DEFINE OFF;
Insert into BLUEWAVE.TIP_BOARD_TBL (TIP_NO,TIP_TITLE,TIP_WRITER,TIP_VIEW_COUNT,TIP_CREATE_DATE,TIP_UPDATE_DATE) values (54,'이런 팁이 있습니다.','khuser01',4,to_timestamp('23/09/24 00:46:50.506000000','RR/MM/DD HH24:MI:SSXFF'),to_timestamp('23/09/24 00:46:50.506000000','RR/MM/DD HH24:MI:SSXFF'));
Insert into BLUEWAVE.TIP_BOARD_TBL (TIP_NO,TIP_TITLE,TIP_WRITER,TIP_VIEW_COUNT,TIP_CREATE_DATE,TIP_UPDATE_DATE) values (43,'1번째 팁입니다.','admin',0,to_timestamp('23/09/22 14:54:47.442000000','RR/MM/DD HH24:MI:SSXFF'),to_timestamp('23/09/22 14:54:47.442000000','RR/MM/DD HH24:MI:SSXFF'));
Insert into BLUEWAVE.TIP_BOARD_TBL (TIP_NO,TIP_TITLE,TIP_WRITER,TIP_VIEW_COUNT,TIP_CREATE_DATE,TIP_UPDATE_DATE) values (44,'2번째 팁입니다.','admin',0,to_timestamp('23/09/22 14:54:47.442000000','RR/MM/DD HH24:MI:SSXFF'),to_timestamp('23/09/22 14:54:47.442000000','RR/MM/DD HH24:MI:SSXFF'));
Insert into BLUEWAVE.TIP_BOARD_TBL (TIP_NO,TIP_TITLE,TIP_WRITER,TIP_VIEW_COUNT,TIP_CREATE_DATE,TIP_UPDATE_DATE) values (45,'3번째 팁입니다.','admin',0,to_timestamp('23/09/22 14:54:47.442000000','RR/MM/DD HH24:MI:SSXFF'),to_timestamp('23/09/22 14:54:47.442000000','RR/MM/DD HH24:MI:SSXFF'));
Insert into BLUEWAVE.TIP_BOARD_TBL (TIP_NO,TIP_TITLE,TIP_WRITER,TIP_VIEW_COUNT,TIP_CREATE_DATE,TIP_UPDATE_DATE) values (46,'4번째 팁입니다.','admin',0,to_timestamp('23/09/22 14:54:47.442000000','RR/MM/DD HH24:MI:SSXFF'),to_timestamp('23/09/22 14:54:47.442000000','RR/MM/DD HH24:MI:SSXFF'));
Insert into BLUEWAVE.TIP_BOARD_TBL (TIP_NO,TIP_TITLE,TIP_WRITER,TIP_VIEW_COUNT,TIP_CREATE_DATE,TIP_UPDATE_DATE) values (47,'5번째 팁입니다.','admin',0,to_timestamp('23/09/22 14:54:47.442000000','RR/MM/DD HH24:MI:SSXFF'),to_timestamp('23/09/22 14:54:47.442000000','RR/MM/DD HH24:MI:SSXFF'));
Insert into BLUEWAVE.TIP_BOARD_TBL (TIP_NO,TIP_TITLE,TIP_WRITER,TIP_VIEW_COUNT,TIP_CREATE_DATE,TIP_UPDATE_DATE) values (48,'6번째 팁입니다.','admin',1,to_timestamp('23/09/22 14:54:47.442000000','RR/MM/DD HH24:MI:SSXFF'),to_timestamp('23/09/22 14:54:47.442000000','RR/MM/DD HH24:MI:SSXFF'));
Insert into BLUEWAVE.TIP_BOARD_TBL (TIP_NO,TIP_TITLE,TIP_WRITER,TIP_VIEW_COUNT,TIP_CREATE_DATE,TIP_UPDATE_DATE) values (49,'7번째 팁입니다.','admin',1,to_timestamp('23/09/22 14:54:47.442000000','RR/MM/DD HH24:MI:SSXFF'),to_timestamp('23/09/22 14:54:47.442000000','RR/MM/DD HH24:MI:SSXFF'));
Insert into BLUEWAVE.TIP_BOARD_TBL (TIP_NO,TIP_TITLE,TIP_WRITER,TIP_VIEW_COUNT,TIP_CREATE_DATE,TIP_UPDATE_DATE) values (50,'8번째 팁입니다.','admin',1,to_timestamp('23/09/22 14:54:47.442000000','RR/MM/DD HH24:MI:SSXFF'),to_timestamp('23/09/22 14:54:47.442000000','RR/MM/DD HH24:MI:SSXFF'));
Insert into BLUEWAVE.TIP_BOARD_TBL (TIP_NO,TIP_TITLE,TIP_WRITER,TIP_VIEW_COUNT,TIP_CREATE_DATE,TIP_UPDATE_DATE) values (51,'9번째 팁입니다.','admin',1,to_timestamp('23/09/22 14:54:47.442000000','RR/MM/DD HH24:MI:SSXFF'),to_timestamp('23/09/22 14:54:47.442000000','RR/MM/DD HH24:MI:SSXFF'));
Insert into BLUEWAVE.TIP_BOARD_TBL (TIP_NO,TIP_TITLE,TIP_WRITER,TIP_VIEW_COUNT,TIP_CREATE_DATE,TIP_UPDATE_DATE) values (52,'10번째 팁입니다.','admin',7,to_timestamp('23/09/22 14:54:47.442000000','RR/MM/DD HH24:MI:SSXFF'),to_timestamp('23/09/22 14:54:47.442000000','RR/MM/DD HH24:MI:SSXFF'));
REM INSERTING into BLUEWAVE.USER_TBL
SET DEFINE OFF;
Insert into BLUEWAVE.USER_TBL (USER_ID,USER_PW,USER_NICKNAME,USER_NAME,USER_PHONE,USER_ADDR,USER_EMAIL,USER_PROFILE_NAME,USER_PROFILE_RENAME,USER_PROFILE_PATH,USER_PROFILE_LENGTH,USER_AD,USER_DATE) values ('helloworld','Helloworld','헬로월드','김헬로','01055552222','경기 고양시 덕양구 간절로 77','testhello@test.com','고앵이.jpg','20230922150922.jpg','../resources/PuploadFiles/20230922150922.jpg',42512,'N',to_date('23/09/22','RR/MM/DD'));
Insert into BLUEWAVE.USER_TBL (USER_ID,USER_PW,USER_NICKNAME,USER_NAME,USER_PHONE,USER_ADDR,USER_EMAIL,USER_PROFILE_NAME,USER_PROFILE_RENAME,USER_PROFILE_PATH,USER_PROFILE_LENGTH,USER_AD,USER_DATE) values ('testuser01','Passpass','배유저','배유저','01041967435','경기 고양시 덕양구 권율대로 202-2','user01@kh.com','profile.png','profile.png','../resources/PuploadFiles/profile.png',0,'Y',to_date('23/09/22','RR/MM/DD'));
Insert into BLUEWAVE.USER_TBL (USER_ID,USER_PW,USER_NICKNAME,USER_NAME,USER_PHONE,USER_ADDR,USER_EMAIL,USER_PROFILE_NAME,USER_PROFILE_RENAME,USER_PROFILE_PATH,USER_PROFILE_LENGTH,USER_AD,USER_DATE) values ('pandapanda','Pandapanda','판다판다','김판다','01088885555','경기 용인시 처인구 포곡읍 에버랜드로 12','testPanda@test.com','panda.jpg','20230922153133.jpg','../resources/PuploadFiles/20230922153133.jpg',125295,'N',to_date('23/09/22','RR/MM/DD'));
Insert into BLUEWAVE.USER_TBL (USER_ID,USER_PW,USER_NICKNAME,USER_NAME,USER_PHONE,USER_ADDR,USER_EMAIL,USER_PROFILE_NAME,USER_PROFILE_RENAME,USER_PROFILE_PATH,USER_PROFILE_LENGTH,USER_AD,USER_DATE) values ('user01','Passpass','배유저1','배유저','01010101010','경기 고양시 덕양구 권율대로 202-2','user02@kh.com','배경.jpg','20230922195645.jpg','../resources/PuploadFiles/20230922195645.jpg',2347978,'Y',to_date('23/09/22','RR/MM/DD'));
Insert into BLUEWAVE.USER_TBL (USER_ID,USER_PW,USER_NICKNAME,USER_NAME,USER_PHONE,USER_ADDR,USER_EMAIL,USER_PROFILE_NAME,USER_PROFILE_RENAME,USER_PROFILE_PATH,USER_PROFILE_LENGTH,USER_AD,USER_DATE) values ('testbae','381761','배소진','배소진','01041967435','경기 고양시 덕양구 행신로279번길 7','khuser33@kh.com','y1wrfct6es0xemvbrdxm3rybmwq0.png','20230923215350.png','../resources/PuploadFiles/20230923215350.png',277957,'N',to_date('23/09/23','RR/MM/DD'));
Insert into BLUEWAVE.USER_TBL (USER_ID,USER_PW,USER_NICKNAME,USER_NAME,USER_PHONE,USER_ADDR,USER_EMAIL,USER_PROFILE_NAME,USER_PROFILE_RENAME,USER_PROFILE_PATH,USER_PROFILE_LENGTH,USER_AD,USER_DATE) values ('khuser01','Passpass','김블웨','김동수','01049494949','경기 고양시 덕양구 권율대로 202-2','khuser01@kh.com','logo-img.png','20230923195508.png','../resources/PuploadFiles/20230923195508.png',155229,'Y',to_date('23/09/23','RR/MM/DD'));
Insert into BLUEWAVE.USER_TBL (USER_ID,USER_PW,USER_NICKNAME,USER_NAME,USER_PHONE,USER_ADDR,USER_EMAIL,USER_PROFILE_NAME,USER_PROFILE_RENAME,USER_PROFILE_PATH,USER_PROFILE_LENGTH,USER_AD,USER_DATE) values ('admin','Adminadmin','관리자','김관리자','01000000000','서울 중구 남대문로 2','admin@admin.com','profile.png','profile.png','../resources/PuploadFiles/profile.png',0,'Y',to_date('23/09/22','RR/MM/DD'));
--------------------------------------------------------
--  DDL for Index SYS_C007031
--------------------------------------------------------

  CREATE UNIQUE INDEX "BLUEWAVE"."SYS_C007031" ON "BLUEWAVE"."USER_TBL" ("USER_ID") 
  PCTFREE 10 INITRANS 2 MAXTRANS 255 COMPUTE STATISTICS 
  STORAGE(INITIAL 65536 NEXT 1048576 MINEXTENTS 1 MAXEXTENTS 2147483645
  PCTINCREASE 0 FREELISTS 1 FREELIST GROUPS 1 BUFFER_POOL DEFAULT FLASH_CACHE DEFAULT CELL_FLASH_CACHE DEFAULT)
  TABLESPACE "SYSTEM" ;
--------------------------------------------------------
--  DDL for Index SYS_C007043
--------------------------------------------------------

  CREATE UNIQUE INDEX "BLUEWAVE"."SYS_C007043" ON "BLUEWAVE"."GOODS_TBL" ("PRODUCT_NO") 
  PCTFREE 10 INITRANS 2 MAXTRANS 255 COMPUTE STATISTICS 
  STORAGE(INITIAL 65536 NEXT 1048576 MINEXTENTS 1 MAXEXTENTS 2147483645
  PCTINCREASE 0 FREELISTS 1 FREELIST GROUPS 1 BUFFER_POOL DEFAULT FLASH_CACHE DEFAULT CELL_FLASH_CACHE DEFAULT)
  TABLESPACE "SYSTEM" ;
--------------------------------------------------------
--  DDL for Index SYS_C007060
--------------------------------------------------------

  CREATE UNIQUE INDEX "BLUEWAVE"."SYS_C007060" ON "BLUEWAVE"."CHAL_TBL" ("CHAL_NO") 
  PCTFREE 10 INITRANS 2 MAXTRANS 255 COMPUTE STATISTICS 
  STORAGE(INITIAL 65536 NEXT 1048576 MINEXTENTS 1 MAXEXTENTS 2147483645
  PCTINCREASE 0 FREELISTS 1 FREELIST GROUPS 1 BUFFER_POOL DEFAULT FLASH_CACHE DEFAULT CELL_FLASH_CACHE DEFAULT)
  TABLESPACE "SYSTEM" ;
--------------------------------------------------------
--  DDL for Index SYS_C007070
--------------------------------------------------------

  CREATE UNIQUE INDEX "BLUEWAVE"."SYS_C007070" ON "BLUEWAVE"."CHAL_BOARD_TBL" ("C_BOARD_NO") 
  PCTFREE 10 INITRANS 2 MAXTRANS 255 COMPUTE STATISTICS 
  STORAGE(INITIAL 65536 NEXT 1048576 MINEXTENTS 1 MAXEXTENTS 2147483645
  PCTINCREASE 0 FREELISTS 1 FREELIST GROUPS 1 BUFFER_POOL DEFAULT FLASH_CACHE DEFAULT CELL_FLASH_CACHE DEFAULT)
  TABLESPACE "SYSTEM" ;
--------------------------------------------------------
--  DDL for Index SYS_C007867
--------------------------------------------------------

  CREATE UNIQUE INDEX "BLUEWAVE"."SYS_C007867" ON "BLUEWAVE"."NOTICE_BOARD_TBL" ("NOTICE_NO") 
  PCTFREE 10 INITRANS 2 MAXTRANS 255 COMPUTE STATISTICS 
  STORAGE(INITIAL 65536 NEXT 1048576 MINEXTENTS 1 MAXEXTENTS 2147483645
  PCTINCREASE 0 FREELISTS 1 FREELIST GROUPS 1 BUFFER_POOL DEFAULT FLASH_CACHE DEFAULT CELL_FLASH_CACHE DEFAULT)
  TABLESPACE "SYSTEM" ;
--------------------------------------------------------
--  Constraints for Table CHAL_BOARD_TBL
--------------------------------------------------------

  ALTER TABLE "BLUEWAVE"."CHAL_BOARD_TBL" ADD PRIMARY KEY ("C_BOARD_NO")
  USING INDEX PCTFREE 10 INITRANS 2 MAXTRANS 255 COMPUTE STATISTICS 
  STORAGE(INITIAL 65536 NEXT 1048576 MINEXTENTS 1 MAXEXTENTS 2147483645
  PCTINCREASE 0 FREELISTS 1 FREELIST GROUPS 1 BUFFER_POOL DEFAULT FLASH_CACHE DEFAULT CELL_FLASH_CACHE DEFAULT)
  TABLESPACE "SYSTEM"  ENABLE;
  ALTER TABLE "BLUEWAVE"."CHAL_BOARD_TBL" MODIFY ("CHAL_NO" NOT NULL ENABLE);
  ALTER TABLE "BLUEWAVE"."CHAL_BOARD_TBL" MODIFY ("C_BOARD_WRITER" NOT NULL ENABLE);
  ALTER TABLE "BLUEWAVE"."CHAL_BOARD_TBL" MODIFY ("C_BOARD_FILE_LENGTH" NOT NULL ENABLE);
  ALTER TABLE "BLUEWAVE"."CHAL_BOARD_TBL" MODIFY ("C_BOARD_FILE_PATH" NOT NULL ENABLE);
  ALTER TABLE "BLUEWAVE"."CHAL_BOARD_TBL" MODIFY ("C_BOARD_FILE_RENAME" NOT NULL ENABLE);
  ALTER TABLE "BLUEWAVE"."CHAL_BOARD_TBL" MODIFY ("C_BOARD_FILE_NAME" NOT NULL ENABLE);
  ALTER TABLE "BLUEWAVE"."CHAL_BOARD_TBL" MODIFY ("C_BOARD_CONTENT" NOT NULL ENABLE);
  ALTER TABLE "BLUEWAVE"."CHAL_BOARD_TBL" MODIFY ("C_BOARD_TITLE" NOT NULL ENABLE);
--------------------------------------------------------
--  Constraints for Table CHAL_LIKE_TBL
--------------------------------------------------------

  ALTER TABLE "BLUEWAVE"."CHAL_LIKE_TBL" MODIFY ("C_BOARD_NO" NOT NULL ENABLE);
  ALTER TABLE "BLUEWAVE"."CHAL_LIKE_TBL" MODIFY ("USER_ID" NOT NULL ENABLE);
--------------------------------------------------------
--  Constraints for Table CHAL_TBL
--------------------------------------------------------

  ALTER TABLE "BLUEWAVE"."CHAL_TBL" ADD PRIMARY KEY ("CHAL_NO")
  USING INDEX PCTFREE 10 INITRANS 2 MAXTRANS 255 COMPUTE STATISTICS 
  STORAGE(INITIAL 65536 NEXT 1048576 MINEXTENTS 1 MAXEXTENTS 2147483645
  PCTINCREASE 0 FREELISTS 1 FREELIST GROUPS 1 BUFFER_POOL DEFAULT FLASH_CACHE DEFAULT CELL_FLASH_CACHE DEFAULT)
  TABLESPACE "SYSTEM"  ENABLE;
  ALTER TABLE "BLUEWAVE"."CHAL_TBL" MODIFY ("CHAL_USER_ID" NOT NULL ENABLE);
  ALTER TABLE "BLUEWAVE"."CHAL_TBL" MODIFY ("CHAL_START_DATE" NOT NULL ENABLE);
  ALTER TABLE "BLUEWAVE"."CHAL_TBL" MODIFY ("CHAL_CONTENT" NOT NULL ENABLE);
  ALTER TABLE "BLUEWAVE"."CHAL_TBL" MODIFY ("CHAL_TITLE" NOT NULL ENABLE);
--------------------------------------------------------
--  Constraints for Table GOODS_TBL
--------------------------------------------------------

  ALTER TABLE "BLUEWAVE"."GOODS_TBL" ADD PRIMARY KEY ("PRODUCT_NO")
  USING INDEX PCTFREE 10 INITRANS 2 MAXTRANS 255 COMPUTE STATISTICS 
  STORAGE(INITIAL 65536 NEXT 1048576 MINEXTENTS 1 MAXEXTENTS 2147483645
  PCTINCREASE 0 FREELISTS 1 FREELIST GROUPS 1 BUFFER_POOL DEFAULT FLASH_CACHE DEFAULT CELL_FLASH_CACHE DEFAULT)
  TABLESPACE "SYSTEM"  ENABLE;
  ALTER TABLE "BLUEWAVE"."GOODS_TBL" MODIFY ("PRODUCT_IMAGE_LENGTH" NOT NULL ENABLE);
  ALTER TABLE "BLUEWAVE"."GOODS_TBL" MODIFY ("PRODUCT_IMAGE_PATH" NOT NULL ENABLE);
  ALTER TABLE "BLUEWAVE"."GOODS_TBL" MODIFY ("PRODUCT_IMAGE_RENAME" NOT NULL ENABLE);
  ALTER TABLE "BLUEWAVE"."GOODS_TBL" MODIFY ("PRODUCT_IMAGE" NOT NULL ENABLE);
  ALTER TABLE "BLUEWAVE"."GOODS_TBL" MODIFY ("PRODUCT_THUMBNAIL_LENGTH" NOT NULL ENABLE);
  ALTER TABLE "BLUEWAVE"."GOODS_TBL" MODIFY ("PRODUCT_THUMBNAIL_PATH" NOT NULL ENABLE);
  ALTER TABLE "BLUEWAVE"."GOODS_TBL" MODIFY ("PRODUCT_THUMBNAIL_RENAME" NOT NULL ENABLE);
  ALTER TABLE "BLUEWAVE"."GOODS_TBL" MODIFY ("PRODUCT_THUMBNAIL" NOT NULL ENABLE);
  ALTER TABLE "BLUEWAVE"."GOODS_TBL" MODIFY ("PRODUCT_CONTENT" NOT NULL ENABLE);
  ALTER TABLE "BLUEWAVE"."GOODS_TBL" MODIFY ("PRODUCT_POINT" NOT NULL ENABLE);
  ALTER TABLE "BLUEWAVE"."GOODS_TBL" MODIFY ("PRODUCT_NAME" NOT NULL ENABLE);
--------------------------------------------------------
--  Constraints for Table NOTICE_BOARD_TBL
--------------------------------------------------------

  ALTER TABLE "BLUEWAVE"."NOTICE_BOARD_TBL" ADD PRIMARY KEY ("NOTICE_NO")
  USING INDEX PCTFREE 10 INITRANS 2 MAXTRANS 255 COMPUTE STATISTICS 
  STORAGE(INITIAL 65536 NEXT 1048576 MINEXTENTS 1 MAXEXTENTS 2147483645
  PCTINCREASE 0 FREELISTS 1 FREELIST GROUPS 1 BUFFER_POOL DEFAULT FLASH_CACHE DEFAULT CELL_FLASH_CACHE DEFAULT)
  TABLESPACE "SYSTEM"  ENABLE;
  ALTER TABLE "BLUEWAVE"."NOTICE_BOARD_TBL" MODIFY ("NOTICE_WRITER" NOT NULL ENABLE);
  ALTER TABLE "BLUEWAVE"."NOTICE_BOARD_TBL" MODIFY ("NOTICE_CONTENT" NOT NULL ENABLE);
  ALTER TABLE "BLUEWAVE"."NOTICE_BOARD_TBL" MODIFY ("NOTICE_TITLE" NOT NULL ENABLE);
--------------------------------------------------------
--  Constraints for Table POINT_TBL
--------------------------------------------------------

  ALTER TABLE "BLUEWAVE"."POINT_TBL" MODIFY ("TRADE_TYPE" NOT NULL ENABLE);
  ALTER TABLE "BLUEWAVE"."POINT_TBL" MODIFY ("POINT_HISTORY" NOT NULL ENABLE);
  ALTER TABLE "BLUEWAVE"."POINT_TBL" MODIFY ("USER_TOTAL_POINT" NOT NULL ENABLE);
--------------------------------------------------------
--  Constraints for Table SUB_TBL
--------------------------------------------------------

  ALTER TABLE "BLUEWAVE"."SUB_TBL" MODIFY ("SUB_USER" NOT NULL ENABLE);
--------------------------------------------------------
--  Constraints for Table TIP_BOARD_TBL
--------------------------------------------------------

  ALTER TABLE "BLUEWAVE"."TIP_BOARD_TBL" MODIFY ("TIP_CONTENT" NOT NULL ENABLE);
  ALTER TABLE "BLUEWAVE"."TIP_BOARD_TBL" MODIFY ("TIP_TITLE" NOT NULL ENABLE);
  ALTER TABLE "BLUEWAVE"."TIP_BOARD_TBL" MODIFY ("TIP_NO" NOT NULL ENABLE);
--------------------------------------------------------
--  Constraints for Table USER_TBL
--------------------------------------------------------

  ALTER TABLE "BLUEWAVE"."USER_TBL" ADD PRIMARY KEY ("USER_ID")
  USING INDEX PCTFREE 10 INITRANS 2 MAXTRANS 255 COMPUTE STATISTICS 
  STORAGE(INITIAL 65536 NEXT 1048576 MINEXTENTS 1 MAXEXTENTS 2147483645
  PCTINCREASE 0 FREELISTS 1 FREELIST GROUPS 1 BUFFER_POOL DEFAULT FLASH_CACHE DEFAULT CELL_FLASH_CACHE DEFAULT)
  TABLESPACE "SYSTEM"  ENABLE;
  ALTER TABLE "BLUEWAVE"."USER_TBL" MODIFY ("USER_EMAIL" NOT NULL ENABLE);
  ALTER TABLE "BLUEWAVE"."USER_TBL" MODIFY ("USER_ADDR" NOT NULL ENABLE);
  ALTER TABLE "BLUEWAVE"."USER_TBL" MODIFY ("USER_PHONE" NOT NULL ENABLE);
  ALTER TABLE "BLUEWAVE"."USER_TBL" MODIFY ("USER_NAME" NOT NULL ENABLE);
  ALTER TABLE "BLUEWAVE"."USER_TBL" MODIFY ("USER_NICKNAME" NOT NULL ENABLE);
  ALTER TABLE "BLUEWAVE"."USER_TBL" MODIFY ("USER_PW" NOT NULL ENABLE);
--------------------------------------------------------
--  Ref Constraints for Table CHAL_BOARD_TBL
--------------------------------------------------------

  ALTER TABLE "BLUEWAVE"."CHAL_BOARD_TBL" ADD CONSTRAINT "FK_C_BOARD_WRITER" FOREIGN KEY ("C_BOARD_WRITER")
	  REFERENCES "BLUEWAVE"."USER_TBL" ("USER_ID") ON DELETE CASCADE ENABLE;
  ALTER TABLE "BLUEWAVE"."CHAL_BOARD_TBL" ADD FOREIGN KEY ("CHAL_NO")
	  REFERENCES "BLUEWAVE"."CHAL_TBL" ("CHAL_NO") ENABLE;
--------------------------------------------------------
--  Ref Constraints for Table CHAL_LIKE_TBL
--------------------------------------------------------

  ALTER TABLE "BLUEWAVE"."CHAL_LIKE_TBL" ADD CONSTRAINT "FK_USER_ID" FOREIGN KEY ("USER_ID")
	  REFERENCES "BLUEWAVE"."USER_TBL" ("USER_ID") ON DELETE CASCADE ENABLE;
  ALTER TABLE "BLUEWAVE"."CHAL_LIKE_TBL" ADD FOREIGN KEY ("C_BOARD_NO")
	  REFERENCES "BLUEWAVE"."CHAL_BOARD_TBL" ("C_BOARD_NO") ENABLE;
--------------------------------------------------------
--  Ref Constraints for Table CHAL_TBL
--------------------------------------------------------

  ALTER TABLE "BLUEWAVE"."CHAL_TBL" ADD CONSTRAINT "FK_CHAL_USER_ID" FOREIGN KEY ("CHAL_USER_ID")
	  REFERENCES "BLUEWAVE"."USER_TBL" ("USER_ID") ON DELETE CASCADE ENABLE;
--------------------------------------------------------
--  Ref Constraints for Table POINT_TBL
--------------------------------------------------------

  ALTER TABLE "BLUEWAVE"."POINT_TBL" ADD CONSTRAINT "FK_P_C_BOARD_NO" FOREIGN KEY ("C_BOARD_NO")
	  REFERENCES "BLUEWAVE"."CHAL_BOARD_TBL" ("C_BOARD_NO") ON DELETE CASCADE ENABLE;
  ALTER TABLE "BLUEWAVE"."POINT_TBL" ADD CONSTRAINT "FK_P_USER_ID" FOREIGN KEY ("USER_ID")
	  REFERENCES "BLUEWAVE"."USER_TBL" ("USER_ID") ON DELETE CASCADE ENABLE;
  ALTER TABLE "BLUEWAVE"."POINT_TBL" ADD FOREIGN KEY ("PRODUCT_NO")
	  REFERENCES "BLUEWAVE"."GOODS_TBL" ("PRODUCT_NO") ENABLE;
--------------------------------------------------------
--  Ref Constraints for Table SUB_TBL
--------------------------------------------------------

  ALTER TABLE "BLUEWAVE"."SUB_TBL" ADD CONSTRAINT "FK_S_USER_ID" FOREIGN KEY ("SUB_USER")
	  REFERENCES "BLUEWAVE"."USER_TBL" ("USER_ID") ON DELETE CASCADE ENABLE;
  ALTER TABLE "BLUEWAVE"."SUB_TBL" ADD CONSTRAINT "FK_S_USER_TARGET" FOREIGN KEY ("SUB_TARGET")
	  REFERENCES "BLUEWAVE"."USER_TBL" ("USER_ID") ON DELETE CASCADE ENABLE;
--------------------------------------------------------
--  Ref Constraints for Table TIP_BOARD_TBL
--------------------------------------------------------

  ALTER TABLE "BLUEWAVE"."TIP_BOARD_TBL" ADD CONSTRAINT "FK_TIP_WRITER" FOREIGN KEY ("TIP_WRITER")
	  REFERENCES "BLUEWAVE"."USER_TBL" ("USER_ID") ON DELETE CASCADE ENABLE;
